title,price_ngn,listing_type,area,neighbourhood,address,bedrooms,bathrooms,toilets,property_type,description,pid,date_added,last_updated,source_url,price_million_ngn,price_formatted
Stunning 4 Bedroom Terrace Duplex + Bq (Smart Home),65000000,Rent,Maitama,Maitama,Maitama Abuja,4,5,5,Terraced Duplex,"Safety Tipsdo Not Make Any Inspection Fee Without Seeing The Agent And Property.Only Pay Rental Fee, Sales Fee Or Any Upfront Payment After You Verify The Landlord.Ensure You Meet The Agent In An Open Location.The Agent Does Not Represent Propertypro And Propertypro Is Not Liable For Any Monetary Transaction Between You And The Agent.",4PJVM,2026-04-03,2026-04-24,https://www.propertypro.ng/property/4-bedroom-house-for-rent-maitama-abuja-4PJVM,65.0,"₦65,000,000"
4 Bedroom Flat,15000000,Rent,Maitama,Maitama,Maitama Abuja,4,4,5,Flat/Apartment,"Safety Tipsdo Not Make Any Inspection Fee Without Seeing The Agent And Property.Only Pay Rental Fee, Sales Fee Or Any Upfront Payment After You Verify The Landlord.Ensure You Meet The Agent In An Open Location.The Agent Does Not Represent Propertypro And Propertypro Is Not Liable For Any Monetary Transaction Between You And The Agent.",1NXGX,2025-12-12,2026-04-23,https://www.propertypro.ng/property/4-bedroom-flat-apartment-for-rent-maitama-abuja-1NXGX,15.0,"₦15,000,000"
Newly Built 4 Bedroom Terrace Duplex With Bq,50000000,Rent,Maitama,Maitama,Maitama Abuja,4,4,5,Terraced Duplex,"Safety Tipsdo Not Make Any Inspection Fee Without Seeing The Agent And Property.Only Pay Rental Fee, Sales Fee Or Any Upfront Payment After You Verify The Landlord.Ensure You Meet The Agent In An Open Location.The Agent Does Not Represent Propertypro And Propertypro Is Not Liable For Any Monetary Transaction Between You And The Agent.",8PHKT,2026-03-22,2026-04-24,https://www.propertypro.ng/property/4-bedroom-house-for-rent-maitama-abuja-8PHKT,50.0,"₦50,000,000"
Executive 5 Bedroom Fully Detached Duplex,90000000,Rent,Maitama,Maitama,Maitama Abuja,5,6,6,Detached Duplex,"Safety Tipsdo Not Make Any Inspection Fee Without Seeing The Agent And Property.Only Pay Rental Fee, Sales Fee Or Any Upfront Payment After You Verify The Landlord.Ensure You Meet The Agent In An Open Location.The Agent Does Not Represent Propertypro And Propertypro Is Not Liable For Any Monetary Transaction Between You And The Agent.",4PJPY,2026-04-01,2026-04-24,https://www.propertypro.ng/property/5-bedroom-house-for-rent-maitama-abuja-4PJPY,90.0,"₦90,000,000"
4 Bedroom Detached Duplex,50000000,Rent,Maitama,Maitama,Maitama Abuja,4,4,5,Detached Duplex,"Safety Tipsdo Not Make Any Inspection Fee Without Seeing The Agent And Property.Only Pay Rental Fee, Sales Fee Or Any Upfront Payment After You Verify The Landlord.Ensure You Meet The Agent In An Open Location.The Agent Does Not Represent Propertypro And Propertypro Is Not Liable For Any Monetary Transaction Between You And The Agent.",5PDYR,2026-02-20,2026-04-24,https://www.propertypro.ng/property/4-bedroom-house-for-rent-maitama-abuja-5PDYR,50.0,"₦50,000,000"
4 Bedroom Semi Detached Duplex,45000000,Rent,Maitama,Maitama,Maitama Abuja,4,4,5,Semi-Detached Duplex,"Safety Tipsdo Not Make Any Inspection Fee Without Seeing The Agent And Property.Only Pay Rental Fee, Sales Fee Or Any Upfront Payment After You Verify The Landlord.Ensure You Meet The Agent In An Open Location.The Agent Does Not Represent Propertypro And Propertypro Is Not Liable For Any Monetary Transaction Between You And The Agent.",1PDYR,2026-02-20,2026-04-24,https://www.propertypro.ng/property/4-bedroom-house-for-rent-maitama-abuja-1PDYR,45.0,"₦45,000,000"
Newly Built 6 Bedroom Fully Detached Duplex,50000000,Rent,Maitama,Maitama,Maitama Abuja,6,4,5,Detached Duplex,"Safety Tipsdo Not Make Any Inspection Fee Without Seeing The Agent And Property.Only Pay Rental Fee, Sales Fee Or Any Upfront Payment After You Verify The Landlord.Ensure You Meet The Agent In An Open Location.The Agent Does Not Represent Propertypro And Propertypro Is Not Liable For Any Monetary Transaction Between You And The Agent.",8PDYQ,2026-02-20,2026-04-24,https://www.propertypro.ng/property/6-bedroom-house-for-rent-maitama-abuja-8PDYQ,50.0,"₦50,000,000"
Newly Built 4 Bedroom Terrace Duplex With Bq,60000000,Rent,Maitama,Maitama,Maitama Main Maitama Abuja,4,6,6,Terraced Duplex,"Safety Tipsdo Not Make Any Inspection Fee Without Seeing The Agent And Property.Only Pay Rental Fee, Sales Fee Or Any Upfront Payment After You Verify The Landlord.Ensure You Meet The Agent In An Open Location.The Agent Does Not Represent Propertypro And Propertypro Is Not Liable For Any Monetary Transaction Between You And The Agent.",4PHHM,2026-03-20,2026-04-24,https://www.propertypro.ng/property/4-bedroom-house-for-rent-maitama-main-maitama-abuja-4PHHM,60.0,"₦60,000,000"
5 Bedroom Duplex With 3 Rooms Bq,150000000,Rent,Maitama,Maitama,Maitama Main Maitama Abuja,5,8,8,Detached Duplex,"Safety Tipsdo Not Make Any Inspection Fee Without Seeing The Agent And Property.Only Pay Rental Fee, Sales Fee Or Any Upfront Payment After You Verify The Landlord.Ensure You Meet The Agent In An Open Location.The Agent Does Not Represent Propertypro And Propertypro Is Not Liable For Any Monetary Transaction Between You And The Agent.",0PHHP,2026-03-20,2026-04-24,https://www.propertypro.ng/property/5-bedroom-house-for-rent-maitama-main-maitama-abuja-0PHHP,150.0,"₦150,000,000"
2 Bedroom Flat,6000000,Rent,Maitama,Maitama,Maitama Maitama Abuja,2,2,5,Flat/Apartment,"Safety Tipsdo Not Make Any Inspection Fee Without Seeing The Agent And Property.Only Pay Rental Fee, Sales Fee Or Any Upfront Payment After You Verify The Landlord.Ensure You Meet The Agent In An Open Location.The Agent Does Not Represent Propertypro And Propertypro Is Not Liable For Any Monetary Transaction Between You And The Agent.",4PKPR,2026-04-11,2026-04-24,https://www.propertypro.ng/property/2-bedroom-flat-apartment-for-rent-maitama-maitama-abuja-4PKPR,6.0,"₦6,000,000"
7 Bedroom Detached Duplex+Bq,90000000,Rent,Maitama,Maitama,Maitama Maitama Abuja,7,7,5,Detached Duplex,"Safety Tipsdo Not Make Any Inspection Fee Without Seeing The Agent And Property.Only Pay Rental Fee, Sales Fee Or Any Upfront Payment After You Verify The Landlord.Ensure You Meet The Agent In An Open Location.The Agent Does Not Represent Propertypro And Propertypro Is Not Liable For Any Monetary Transaction Between You And The Agent.",4PKSG,2026-04-12,2026-04-24,https://www.propertypro.ng/property/7-bedroom-house-for-rent-maitama-maitama-abuja-4PKSG,90.0,"₦90,000,000"
4 Bedroom Semi Detached Duplex+Bq,50000000,Rent,Maitama,Maitama,Maitama Maitama Abuja,4,4,5,Semi-Detached Duplex,"Safety Tipsdo Not Make Any Inspection Fee Without Seeing The Agent And Property.Only Pay Rental Fee, Sales Fee Or Any Upfront Payment After You Verify The Landlord.Ensure You Meet The Agent In An Open Location.The Agent Does Not Represent Propertypro And Propertypro Is Not Liable For Any Monetary Transaction Between You And The Agent.",8PKLS,2026-04-10,2026-04-24,https://www.propertypro.ng/property/4-bedroom-house-for-rent-maitama-maitama-abuja-8PKLS,50.0,"₦50,000,000"
4 Bedroom Terrace Duplex,35000000,Rent,Maitama,Maitama,Maitama Maitama Abuja,4,4,5,Terraced Duplex,"Safety Tipsdo Not Make Any Inspection Fee Without Seeing The Agent And Property.Only Pay Rental Fee, Sales Fee Or Any Upfront Payment After You Verify The Landlord.Ensure You Meet The Agent In An Open Location.The Agent Does Not Represent Propertypro And Propertypro Is Not Liable For Any Monetary Transaction Between You And The Agent.",2PJZH,2026-04-05,2026-04-24,https://www.propertypro.ng/property/4-bedroom-house-for-rent-maitama-maitama-abuja-2PJZH,35.0,"₦35,000,000"
4 Bedroom Terrace Duplex,75000000,Rent,Maitama,Maitama,Maitama Abuja,4,4,5,Terraced Duplex,"Safety Tipsdo Not Make Any Inspection Fee Without Seeing The Agent And Property.Only Pay Rental Fee, Sales Fee Or Any Upfront Payment After You Verify The Landlord.Ensure You Meet The Agent In An Open Location.The Agent Does Not Represent Propertypro And Propertypro Is Not Liable For Any Monetary Transaction Between You And The Agent.",9NRZL,2025-10-18,2026-04-24,https://www.propertypro.ng/property/4-bedroom-house-for-rent-maitama-abuja-9NRZL,75.0,"₦75,000,000"
4 Bedroom Detached Duplex With Bq,25000000,Rent,Maitama,Maitama,Maitama Abuja,4,4,5,Detached Duplex,"Safety Tipsdo Not Make Any Inspection Fee Without Seeing The Agent And Property.Only Pay Rental Fee, Sales Fee Or Any Upfront Payment After You Verify The Landlord.Ensure You Meet The Agent In An Open Location.The Agent Does Not Represent Propertypro And Propertypro Is Not Liable For Any Monetary Transaction Between You And The Agent.",5PBCM,2026-01-26,2026-04-24,https://www.propertypro.ng/property/4-bedroom-house-for-rent-maitama-abuja-5PBCM,25.0,"₦25,000,000"
6 Bedroom Detached Duplex,80000000,Rent,Maitama,Maitama,Maitama Abuja,6,6,5,Detached Duplex,"Safety Tipsdo Not Make Any Inspection Fee Without Seeing The Agent And Property.Only Pay Rental Fee, Sales Fee Or Any Upfront Payment After You Verify The Landlord.Ensure You Meet The Agent In An Open Location.The Agent Does Not Represent Propertypro And Propertypro Is Not Liable For Any Monetary Transaction Between You And The Agent.",1PGVE,2026-03-16,2026-04-24,https://www.propertypro.ng/property/6-bedroom-house-for-rent-maitama-abuja-1PGVE,80.0,"₦80,000,000"
5 Bedroom Terraced Duplex With 1 Bedroom Guest Chalet,45000000,Rent,Maitama,Maitama,Maitama Abuja,5,5,5,Terraced Duplex,"Safety Tipsdo Not Make Any Inspection Fee Without Seeing The Agent And Property.Only Pay Rental Fee, Sales Fee Or Any Upfront Payment After You Verify The Landlord.Ensure You Meet The Agent In An Open Location.The Agent Does Not Represent Propertypro And Propertypro Is Not Liable For Any Monetary Transaction Between You And The Agent.",3PGVB,2026-03-16,2026-04-24,https://www.propertypro.ng/property/5-bedroom-house-for-rent-maitama-abuja-3PGVB,45.0,"₦45,000,000"
5 Bedroom Semi Detached Duplex With Bq,20000000,Rent,Asokoro,Asokoro,Asokoro Abuja,5,5,6,Semi-Detached Duplex,"Safety Tipsdo Not Make Any Inspection Fee Without Seeing The Agent And Property.Only Pay Rental Fee, Sales Fee Or Any Upfront Payment After You Verify The Landlord.Ensure You Meet The Agent In An Open Location.The Agent Does Not Represent Propertypro And Propertypro Is Not Liable For Any Monetary Transaction Between You And The Agent.",3PJGW,2026-03-30,2026-04-24,https://www.propertypro.ng/property/5-bedroom-house-for-rent-asokoro-abuja-3PJGW,20.0,"₦20,000,000"
2 Bedroom Bungalow With Swimming Pool And Gym,10000000,Rent,Asokoro,Asokoro,Asokoro Abuja Diplomatic Zone Asokoro Abuja,2,3,3,Bungalow,"Safety Tipsdo Not Make Any Inspection Fee Without Seeing The Agent And Property.Only Pay Rental Fee, Sales Fee Or Any Upfront Payment After You Verify The Landlord.Ensure You Meet The Agent In An Open Location.The Agent Does Not Represent Propertypro And Propertypro Is Not Liable For Any Monetary Transaction Between You And The Agent.",6PLMJ,2026-04-19,2026-04-24,https://www.propertypro.ng/property/2-bedroom-house-for-rent-asokoro-abuja-diplomatic-zone-asokoro-abuja-6PLMJ,10.0,"₦10,000,000"
Newly Built 5 Bedroom Terrace Duplex With Bq,20000000,Rent,Asokoro,Asokoro,"Diplomatic Zone, Asokoro Abuja",5,6,7,Terraced Duplex,"Safety Tipsdo Not Make Any Inspection Fee Without Seeing The Agent And Property.Only Pay Rental Fee, Sales Fee Or Any Upfront Payment After You Verify The Landlord.Ensure You Meet The Agent In An Open Location.The Agent Does Not Represent Propertypro And Propertypro Is Not Liable For Any Monetary Transaction Between You And The Agent.",1PJCG,2026-03-27,2026-04-24,https://www.propertypro.ng/property/5-bedroom-house-for-rent-diplomatic-zone-asokoro-abuja-1PJCG,20.0,"₦20,000,000"
Furnished 3Bedroom Apartment,20000000,Rent,Wuse-2,Wuse,Wuse 2 Abuja,3,3,4,Flat/Apartment,"Safety Tipsdo Not Make Any Inspection Fee Without Seeing The Agent And Property.Only Pay Rental Fee, Sales Fee Or Any Upfront Payment After You Verify The Landlord.Ensure You Meet The Agent In An Open Location.The Agent Does Not Represent Propertypro And Propertypro Is Not Liable For Any Monetary Transaction Between You And The Agent.",4PLWX,2026-04-22,2026-04-24,https://www.propertypro.ng/property/3-bedroom-flat-apartment-for-rent-wuse-2-abuja-4PLWX,20.0,"₦20,000,000"
5 Bedroom Detached Duplex+2Rooms Bq,55000000,Rent,Wuse-2,Wuse,Off Ademola Adetokunbo Wuse 2 Abuja,5,5,5,Detached Duplex,"Safety Tipsdo Not Make Any Inspection Fee Without Seeing The Agent And Property.Only Pay Rental Fee, Sales Fee Or Any Upfront Payment After You Verify The Landlord.Ensure You Meet The Agent In An Open Location.The Agent Does Not Represent Propertypro And Propertypro Is Not Liable For Any Monetary Transaction Between You And The Agent.",9PGBF,2026-03-10,2026-04-24,https://www.propertypro.ng/property/5-bedroom-house-for-rent-off-ademola-adetokunbo-wuse-2-abuja-9PGBF,55.0,"₦55,000,000"
3 Bedroom Flat With 1 Bq,13000000,Rent,Wuse-2,Wuse,Wuse 2 Abuja,3,3,4,Flat/Apartment,"Safety Tipsdo Not Make Any Inspection Fee Without Seeing The Agent And Property.Only Pay Rental Fee, Sales Fee Or Any Upfront Payment After You Verify The Landlord.Ensure You Meet The Agent In An Open Location.The Agent Does Not Represent Propertypro And Propertypro Is Not Liable For Any Monetary Transaction Between You And The Agent.",6PHJA,2026-03-21,2026-04-24,https://www.propertypro.ng/property/3-bedroom-flat-apartment-for-rent-wuse-2-abuja-6PHJA,13.0,"₦13,000,000"
A Fully Detached 6 Bedroom Duplex + Bq,45000000,Rent,Wuse-2,Wuse,"Wuse2, Abuja. Wuse 2 Abuja",6,6,7,Detached Duplex,"Safety Tipsdo Not Make Any Inspection Fee Without Seeing The Agent And Property.Only Pay Rental Fee, Sales Fee Or Any Upfront Payment After You Verify The Landlord.Ensure You Meet The Agent In An Open Location.The Agent Does Not Represent Propertypro And Propertypro Is Not Liable For Any Monetary Transaction Between You And The Agent.",8PHFW,2026-03-20,2026-04-24,https://www.propertypro.ng/property/6-bedroom-house-for-rent-wuse2-abuja-wuse-2-abuja-8PHFW,45.0,"₦45,000,000"
3 Bedroom Apartment,15000000,Rent,Wuse-2,Wuse,Wuse 2 Abuja Wuse 2 Abuja,3,4,4,Flat/Apartment,"Safety Tipsdo Not Make Any Inspection Fee Without Seeing The Agent And Property.Only Pay Rental Fee, Sales Fee Or Any Upfront Payment After You Verify The Landlord.Ensure You Meet The Agent In An Open Location.The Agent Does Not Represent Propertypro And Propertypro Is Not Liable For Any Monetary Transaction Between You And The Agent.",1PHDB,2026-03-18,2026-04-24,https://www.propertypro.ng/property/3-bedroom-flat-apartment-for-rent-wuse-2-abuja-wuse-2-abuja-1PHDB,15.0,"₦15,000,000"
Furnished And Serviced 3 Bedroom Apartment To Let,35000000,Rent,Wuse-2,Wuse,Wuse 2 Abuja,3,4,4,Flat/Apartment,"Safety Tipsdo Not Make Any Inspection Fee Without Seeing The Agent And Property.Only Pay Rental Fee, Sales Fee Or Any Upfront Payment After You Verify The Landlord.Ensure You Meet The Agent In An Open Location.The Agent Does Not Represent Propertypro And Propertypro Is Not Liable For Any Monetary Transaction Between You And The Agent.",6PHLW,2026-03-23,2026-04-24,https://www.propertypro.ng/property/3-bedroom-flat-apartment-for-rent-wuse-2-abuja-6PHLW,35.0,"₦35,000,000"
4 Bedroom Semi Detached Duplex,25000000,Rent,Wuse-2,Wuse,Wuse 2 Abuja,4,4,5,Semi-Detached Duplex,"Safety Tipsdo Not Make Any Inspection Fee Without Seeing The Agent And Property.Only Pay Rental Fee, Sales Fee Or Any Upfront Payment After You Verify The Landlord.Ensure You Meet The Agent In An Open Location.The Agent Does Not Represent Propertypro And Propertypro Is Not Liable For Any Monetary Transaction Between You And The Agent.",7PGPT,2026-03-13,2026-04-24,https://www.propertypro.ng/property/4-bedroom-house-for-rent-wuse-2-abuja-7PGPT,25.0,"₦25,000,000"
Spacious 3 Bedroom Flat,12000000,Rent,Wuse-2,Wuse,Wuse2 Wuse 2 Abuja,3,3,5,Flat/Apartment,"Safety Tipsdo Not Make Any Inspection Fee Without Seeing The Agent And Property.Only Pay Rental Fee, Sales Fee Or Any Upfront Payment After You Verify The Landlord.Ensure You Meet The Agent In An Open Location.The Agent Does Not Represent Propertypro And Propertypro Is Not Liable For Any Monetary Transaction Between You And The Agent.",4PMAV,2026-04-24,2026-04-24,https://www.propertypro.ng/property/3-bedroom-flat-apartment-for-rent-wuse2-wuse-2-abuja-4PMAV,12.0,"₦12,000,000"
3 Bedroom Terrace Duplex+Bq,25000000,Rent,Wuse-2,Wuse,Wuse2 Wuse 2 Abuja,3,3,5,Terraced Duplex,"Safety Tipsdo Not Make Any Inspection Fee Without Seeing The Agent And Property.Only Pay Rental Fee, Sales Fee Or Any Upfront Payment After You Verify The Landlord.Ensure You Meet The Agent In An Open Location.The Agent Does Not Represent Propertypro And Propertypro Is Not Liable For Any Monetary Transaction Between You And The Agent.",3PLVD,2026-04-22,2026-04-24,https://www.propertypro.ng/property/3-bedroom-house-for-rent-wuse2-wuse-2-abuja-3PLVD,25.0,"₦25,000,000"
2 Bedroom Flat,5000000,Rent,Wuse-2,Wuse,Wuse2 Wuse 2 Abuja,2,2,5,Flat/Apartment,"Safety Tipsdo Not Make Any Inspection Fee Without Seeing The Agent And Property.Only Pay Rental Fee, Sales Fee Or Any Upfront Payment After You Verify The Landlord.Ensure You Meet The Agent In An Open Location.The Agent Does Not Represent Propertypro And Propertypro Is Not Liable For Any Monetary Transaction Between You And The Agent.",9PLAL,2026-04-15,2026-04-24,https://www.propertypro.ng/property/2-bedroom-flat-apartment-for-rent-wuse2-wuse-2-abuja-9PLAL,5.0,"₦5,000,000"
1 Bedroom Flat,4000000,Rent,Wuse-2,Wuse,Wuse2 Wuse 2 Abuja,1,1,5,Flat/Apartment,"Safety Tipsdo Not Make Any Inspection Fee Without Seeing The Agent And Property.Only Pay Rental Fee, Sales Fee Or Any Upfront Payment After You Verify The Landlord.Ensure You Meet The Agent In An Open Location.The Agent Does Not Represent Propertypro And Propertypro Is Not Liable For Any Monetary Transaction Between You And The Agent.",1PMAV,2026-04-24,2026-04-24,https://www.propertypro.ng/property/1-bedroom-flat-apartment-for-rent-wuse2-wuse-2-abuja-1PMAV,4.0,"₦4,000,000"
5 Bedroom Terraced Duplex,25000000,Rent,Wuse-2,Wuse,Wuse 2 Abuja,5,5,5,Terraced Duplex,"Safety Tipsdo Not Make Any Inspection Fee Without Seeing The Agent And Property.Only Pay Rental Fee, Sales Fee Or Any Upfront Payment After You Verify The Landlord.Ensure You Meet The Agent In An Open Location.The Agent Does Not Represent Propertypro And Propertypro Is Not Liable For Any Monetary Transaction Between You And The Agent.",9PHHE,2026-03-20,2026-04-24,https://www.propertypro.ng/property/5-bedroom-house-for-rent-wuse-2-abuja-9PHHE,25.0,"₦25,000,000"
Furnished 2 Bedroom Apartment || Wuse 2,13000000,Rent,Wuse-2,Wuse,Wuse 2 Abuja,2,2,3,Flat/Apartment,"Safety Tipsdo Not Make Any Inspection Fee Without Seeing The Agent And Property.Only Pay Rental Fee, Sales Fee Or Any Upfront Payment After You Verify The Landlord.Ensure You Meet The Agent In An Open Location.The Agent Does Not Represent Propertypro And Propertypro Is Not Liable For Any Monetary Transaction Between You And The Agent.",5PLDU,2026-04-16,2026-04-24,https://www.propertypro.ng/property/2-bedroom-flat-apartment-for-rent-wuse-2-abuja-5PLDU,13.0,"₦13,000,000"
4 Bedroom Detached Duplex With Swimming Pool/Gym,25000000,Rent,Wuse-2,Wuse,"Wuse 2 District Abuja Diplomatic Zone, Wuse 2 Abuja",4,5,5,Detached Duplex,"Safety Tipsdo Not Make Any Inspection Fee Without Seeing The Agent And Property.Only Pay Rental Fee, Sales Fee Or Any Upfront Payment After You Verify The Landlord.Ensure You Meet The Agent In An Open Location.The Agent Does Not Represent Propertypro And Propertypro Is Not Liable For Any Monetary Transaction Between You And The Agent.",1NZEP,2026-01-09,2026-04-24,https://www.propertypro.ng/property/4-bedroom-house-for-rent-wuse-2-district-abuja-diplomatic-zone-wuse-2-abuja-1NZEP,25.0,"₦25,000,000"
Newly Built 6 Rooms Duplex With Bq ( Self Compound),30000000,Rent,Gwarinpa,Gwarinpa,"6Th Avenue, Gwarinpa, Abuja Gwarinpa Abuja",6,6,7,Detached Duplex,"Safety Tipsdo Not Make Any Inspection Fee Without Seeing The Agent And Property.Only Pay Rental Fee, Sales Fee Or Any Upfront Payment After You Verify The Landlord.Ensure You Meet The Agent In An Open Location.The Agent Does Not Represent Propertypro And Propertypro Is Not Liable For Any Monetary Transaction Between You And The Agent.",5PMHV,2026-04-27,2026-04-27,https://www.propertypro.ng/property/6-bedroom-house-for-rent-6th-avenue-gwarinpa-abuja-gwarinpa-abuja-5PMHV,30.0,"₦30,000,000"
Nice 2Bedroom Flat,4000000,Rent,Gwarinpa,Gwarinpa,"Gwarinpa Main, Gwarinpa, Abuja Gwarinpa Abuja",2,2,3,Flat/Apartment,"Safety Tipsdo Not Make Any Inspection Fee Without Seeing The Agent And Property.Only Pay Rental Fee, Sales Fee Or Any Upfront Payment After You Verify The Landlord.Ensure You Meet The Agent In An Open Location.The Agent Does Not Represent Propertypro And Propertypro Is Not Liable For Any Monetary Transaction Between You And The Agent.",6PMET,2026-04-25,2026-04-25,https://www.propertypro.ng/property/2-bedroom-flat-apartment-for-rent-gwarinpa-main-gwarinpa-abuja-gwarinpa-abuja-6PMET,4.0,"₦4,000,000"
4 Bedroom Terrace Duplex With Bq,12000000,Rent,Gwarinpa,Gwarinpa,Gwarinpa Abuja,4,4,5,Terraced Duplex,"Safety Tipsdo Not Make Any Inspection Fee Without Seeing The Agent And Property.Only Pay Rental Fee, Sales Fee Or Any Upfront Payment After You Verify The Landlord.Ensure You Meet The Agent In An Open Location.The Agent Does Not Represent Propertypro And Propertypro Is Not Liable For Any Monetary Transaction Between You And The Agent.",5PCGX,2026-02-06,2026-04-24,https://www.propertypro.ng/property/4-bedroom-house-for-rent-gwarinpa-abuja-5PCGX,12.0,"₦12,000,000"
Spacious 3 Bedroom Flat,7000000,Rent,Gwarinpa,Gwarinpa,6Th Avenue Gwarinpa Abuja,3,3,4,Flat/Apartment,"Safety Tipsdo Not Make Any Inspection Fee Without Seeing The Agent And Property.Only Pay Rental Fee, Sales Fee Or Any Upfront Payment After You Verify The Landlord.Ensure You Meet The Agent In An Open Location.The Agent Does Not Represent Propertypro And Propertypro Is Not Liable For Any Monetary Transaction Between You And The Agent.",9PLSA,2026-04-21,2026-04-24,https://www.propertypro.ng/property/3-bedroom-flat-apartment-for-rent-6th-avenue-gwarinpa-abuja-9PLSA,7.0,"₦7,000,000"
A Good 5 Bedroom Semi Detached Duplex + 2Bqs,15000000,Rent,Gwarinpa,Gwarinpa,Off 7Th Avenue. Video Is Available. Gwarinpa Abuja,5,5,6,Semi-Detached Duplex,"Safety Tipsdo Not Make Any Inspection Fee Without Seeing The Agent And Property.Only Pay Rental Fee, Sales Fee Or Any Upfront Payment After You Verify The Landlord.Ensure You Meet The Agent In An Open Location.The Agent Does Not Represent Propertypro And Propertypro Is Not Liable For Any Monetary Transaction Between You And The Agent.",0PKHQ,2026-04-09,2026-04-24,https://www.propertypro.ng/property/5-bedroom-house-for-rent-off-7th-avenue-video-is-available-gwarinpa-abuja-0PKHQ,15.0,"₦15,000,000"
Newly Built 4Bedroom Detached Duplex,6000000,Rent,Gwarinpa,Gwarinpa,"In An Estate Gwarinpa Extension, Abuja Gwarinpa Abuja",4,5,5,Detached Duplex,"Safety Tipsdo Not Make Any Inspection Fee Without Seeing The Agent And Property.Only Pay Rental Fee, Sales Fee Or Any Upfront Payment After You Verify The Landlord.Ensure You Meet The Agent In An Open Location.The Agent Does Not Represent Propertypro And Propertypro Is Not Liable For Any Monetary Transaction Between You And The Agent.",8PLEL,2026-04-16,2026-04-24,https://www.propertypro.ng/property/4-bedroom-house-for-rent-in-an-estate-gwarinpa-extension-abuja-gwarinpa-abuja-8PLEL,6.0,"₦6,000,000"
Well Finished 3 Bedroom Apartment,5000000,Rent,Gwarinpa,Gwarinpa,Gwarinpa Main Gwarinpa Abuja,3,4,4,Flat/Apartment,"Safety Tipsdo Not Make Any Inspection Fee Without Seeing The Agent And Property.Only Pay Rental Fee, Sales Fee Or Any Upfront Payment After You Verify The Landlord.Ensure You Meet The Agent In An Open Location.The Agent Does Not Represent Propertypro And Propertypro Is Not Liable For Any Monetary Transaction Between You And The Agent.",3PGWD,2026-03-16,2026-04-24,https://www.propertypro.ng/property/3-bedroom-flat-apartment-for-rent-gwarinpa-main-gwarinpa-abuja-3PGWD,5.0,"₦5,000,000"
Newly Built 2 Bedroom Flat (Bq),3500000,Rent,Gwarinpa,Gwarinpa,Mab Global Estate Gwarinpa Abuja,2,3,3,Flat/Apartment,"Safety Tipsdo Not Make Any Inspection Fee Without Seeing The Agent And Property.Only Pay Rental Fee, Sales Fee Or Any Upfront Payment After You Verify The Landlord.Ensure You Meet The Agent In An Open Location.The Agent Does Not Represent Propertypro And Propertypro Is Not Liable For Any Monetary Transaction Between You And The Agent.",0PGZR,2026-03-17,2026-04-24,https://www.propertypro.ng/property/2-bedroom-flat-apartment-for-rent-mab-global-estate-gwarinpa-abuja-0PGZR,3.5,"₦3,500,000"
3 Bedroom Terrace Duplex,7000000,Rent,Gwarinpa,Gwarinpa,Main Gwarinpa Abuja,3,4,4,Terraced Duplex,"Safety Tipsdo Not Make Any Inspection Fee Without Seeing The Agent And Property.Only Pay Rental Fee, Sales Fee Or Any Upfront Payment After You Verify The Landlord.Ensure You Meet The Agent In An Open Location.The Agent Does Not Represent Propertypro And Propertypro Is Not Liable For Any Monetary Transaction Between You And The Agent.",0PGQB,2026-03-13,2026-04-24,https://www.propertypro.ng/property/3-bedroom-house-for-rent-main-gwarinpa-abuja-0PGQB,7.0,"₦7,000,000"
3 Bedroom Apartment,10000000,Rent,Gwarinpa,Gwarinpa,"Gwarinpa Main, Abuja Gwarinpa Abuja",3,4,4,Flat/Apartment,"Safety Tipsdo Not Make Any Inspection Fee Without Seeing The Agent And Property.Only Pay Rental Fee, Sales Fee Or Any Upfront Payment After You Verify The Landlord.Ensure You Meet The Agent In An Open Location.The Agent Does Not Represent Propertypro And Propertypro Is Not Liable For Any Monetary Transaction Between You And The Agent.",1PHSG,2026-03-24,2026-04-24,https://www.propertypro.ng/property/3-bedroom-flat-apartment-for-rent-gwarinpa-main-abuja-gwarinpa-abuja-1PHSG,10.0,"₦10,000,000"
1 Bedroom Flat,2500000,Rent,Gwarinpa,Gwarinpa,Gwarinpa Gwarinpa Abuja,1,1,5,Flat/Apartment,"Safety Tipsdo Not Make Any Inspection Fee Without Seeing The Agent And Property.Only Pay Rental Fee, Sales Fee Or Any Upfront Payment After You Verify The Landlord.Ensure You Meet The Agent In An Open Location.The Agent Does Not Represent Propertypro And Propertypro Is Not Liable For Any Monetary Transaction Between You And The Agent.",5PKSH,2026-04-12,2026-04-24,https://www.propertypro.ng/property/1-bedroom-flat-apartment-for-rent-gwarinpa-gwarinpa-abuja-5PKSH,2.5,"₦2,500,000"
1 Bedroom Flat,3000000,Rent,Gwarinpa,Gwarinpa,Gwarinpa Gwarinpa Abuja,1,1,5,Flat/Apartment,"Safety Tipsdo Not Make Any Inspection Fee Without Seeing The Agent And Property.Only Pay Rental Fee, Sales Fee Or Any Upfront Payment After You Verify The Landlord.Ensure You Meet The Agent In An Open Location.The Agent Does Not Represent Propertypro And Propertypro Is Not Liable For Any Monetary Transaction Between You And The Agent.",3PLUZ,2026-04-22,2026-04-24,https://www.propertypro.ng/property/1-bedroom-flat-apartment-for-rent-gwarinpa-gwarinpa-abuja-3PLUZ,3.0,"₦3,000,000"
Beautiful 1 Bedroom Flat,2500000,Rent,Gwarinpa,Gwarinpa,Gwarinpa Gwarinpa Abuja,1,1,5,Flat/Apartment,"Safety Tipsdo Not Make Any Inspection Fee Without Seeing The Agent And Property.Only Pay Rental Fee, Sales Fee Or Any Upfront Payment After You Verify The Landlord.Ensure You Meet The Agent In An Open Location.The Agent Does Not Represent Propertypro And Propertypro Is Not Liable For Any Monetary Transaction Between You And The Agent.",1PLQF,2026-04-20,2026-04-24,https://www.propertypro.ng/property/1-bedroom-flat-apartment-for-rent-gwarinpa-gwarinpa-abuja-1PLQF,2.5,"₦2,500,000"
Newly Built 2 Bedroom Flat With A Pool,6000000,Rent,Lugbe,Lugbe,By Von Lugbe Abuja,2,2,3,Flat/Apartment,"Safety Tipsdo Not Make Any Inspection Fee Without Seeing The Agent And Property.Only Pay Rental Fee, Sales Fee Or Any Upfront Payment After You Verify The Landlord.Ensure You Meet The Agent In An Open Location.The Agent Does Not Represent Propertypro And Propertypro Is Not Liable For Any Monetary Transaction Between You And The Agent.",0PFHA,2026-03-03,2026-04-24,https://www.propertypro.ng/property/2-bedroom-house-for-rent-by-von-lugbe-abuja-0PFHA,6.0,"₦6,000,000"
2 Bedroom Semi Detached Duplex,6000000,Rent,Lugbe,Lugbe,Lugbe Abuja,2,2,2,Semi-Detached Duplex,"Safety Tipsdo Not Make Any Inspection Fee Without Seeing The Agent And Property.Only Pay Rental Fee, Sales Fee Or Any Upfront Payment After You Verify The Landlord.Ensure You Meet The Agent In An Open Location.The Agent Does Not Represent Propertypro And Propertypro Is Not Liable For Any Monetary Transaction Between You And The Agent.",7PFKQ,2026-03-04,2026-04-24,https://www.propertypro.ng/property/2-bedroom-house-for-rent-lugbe-abuja-7PFKQ,6.0,"₦6,000,000"
4 Bedroom Duplex To Let In River Park,8000000,Rent,Lugbe,Lugbe,River Park Estate Lugbe Abuja,4,5,5,Detached Duplex,"Safety Tipsdo Not Make Any Inspection Fee Without Seeing The Agent And Property.Only Pay Rental Fee, Sales Fee Or Any Upfront Payment After You Verify The Landlord.Ensure You Meet The Agent In An Open Location.The Agent Does Not Represent Propertypro And Propertypro Is Not Liable For Any Monetary Transaction Between You And The Agent.",0PHFQ,2026-03-19,2026-04-24,https://www.propertypro.ng/property/4-bedroom-house-for-rent-river-park-estate-lugbe-abuja-0PHFQ,8.0,"₦8,000,000"
Spacious 3 Bedroom Bungalow With A Bq,6000000,Rent,Lugbe,Lugbe,Von Garden Estate Lugbe Abuja,3,4,4,Bungalow,"Safety Tipsdo Not Make Any Inspection Fee Without Seeing The Agent And Property.Only Pay Rental Fee, Sales Fee Or Any Upfront Payment After You Verify The Landlord.Ensure You Meet The Agent In An Open Location.The Agent Does Not Represent Propertypro And Propertypro Is Not Liable For Any Monetary Transaction Between You And The Agent.",6PJJT,2026-03-31,2026-04-24,https://www.propertypro.ng/property/3-bedroom-house-for-rent-von-garden-estate-lugbe-abuja-6PJJT,6.0,"₦6,000,000"
Newly Built 1 Bedroom Apartment,1800000,Rent,Lugbe,Lugbe,"Pyakasa, Lugbe Abuja",1,1,1,Flat/Apartment,"Safety Tipsdo Not Make Any Inspection Fee Without Seeing The Agent And Property.Only Pay Rental Fee, Sales Fee Or Any Upfront Payment After You Verify The Landlord.Ensure You Meet The Agent In An Open Location.The Agent Does Not Represent Propertypro And Propertypro Is Not Liable For Any Monetary Transaction Between You And The Agent.",8PHKB,2026-03-21,2026-04-24,https://www.propertypro.ng/property/1-bedroom-house-for-rent-pyakasa-lugbe-abuja-8PHKB,1.8,"₦1,800,000"
Newly Built And Very Standard 1 Bedroom,1800000,Rent,Lugbe,Lugbe,Pyakasa Lugbe Lugbe Abuja,1,2,2,House,"Safety Tipsdo Not Make Any Inspection Fee Without Seeing The Agent And Property.Only Pay Rental Fee, Sales Fee Or Any Upfront Payment After You Verify The Landlord.Ensure You Meet The Agent In An Open Location.The Agent Does Not Represent Propertypro And Propertypro Is Not Liable For Any Monetary Transaction Between You And The Agent.",1PKXX,2026-04-14,2026-04-24,https://www.propertypro.ng/property/1-bedroom-house-for-rent-pyakasa-lugbe-lugbe-abuja-1PKXX,1.8,"₦1,800,000"
Newly Built 4 Bedroom Terrace Duplex,7000000,Rent,Lugbe,Lugbe,Seaman Estate Lugbe Abuja,4,5,5,Terraced Duplex,"Safety Tipsdo Not Make Any Inspection Fee Without Seeing The Agent And Property.Only Pay Rental Fee, Sales Fee Or Any Upfront Payment After You Verify The Landlord.Ensure You Meet The Agent In An Open Location.The Agent Does Not Represent Propertypro And Propertypro Is Not Liable For Any Monetary Transaction Between You And The Agent.",9PKGS,2026-04-08,2026-04-24,https://www.propertypro.ng/property/4-bedroom-house-for-rent-seaman-estate-lugbe-abuja-9PKGS,7.0,"₦7,000,000"
3 Bedroom Bungalow With Bq,4000000,Rent,Lugbe,Lugbe,Seaman Estate Lugbe Abuja,3,4,4,Bungalow,"Safety Tipsdo Not Make Any Inspection Fee Without Seeing The Agent And Property.Only Pay Rental Fee, Sales Fee Or Any Upfront Payment After You Verify The Landlord.Ensure You Meet The Agent In An Open Location.The Agent Does Not Represent Propertypro And Propertypro Is Not Liable For Any Monetary Transaction Between You And The Agent.",2PHSZ,2026-03-24,2026-04-24,https://www.propertypro.ng/property/3-bedroom-house-for-rent-seaman-estate-lugbe-abuja-2PHSZ,4.0,"₦4,000,000"
Sharp 2 Bedroom Bungalow,4500000,Rent,Lugbe,Lugbe,Along Von Garden Estate Road Lugbe Abuja,2,3,3,Bungalow,"Safety Tipsdo Not Make Any Inspection Fee Without Seeing The Agent And Property.Only Pay Rental Fee, Sales Fee Or Any Upfront Payment After You Verify The Landlord.Ensure You Meet The Agent In An Open Location.The Agent Does Not Represent Propertypro And Propertypro Is Not Liable For Any Monetary Transaction Between You And The Agent.",7PJRT,2026-04-02,2026-04-24,https://www.propertypro.ng/property/2-bedroom-house-for-rent-along-von-garden-estate-road-lugbe-abuja-7PJRT,4.5,"₦4,500,000"
Newly Built And Very Sharp 1 Bedroom Apartment,1800000,Rent,Lugbe,Lugbe,Pyakasa Lugbe Lugbe Abuja,1,2,2,Flat/Apartment,"Safety Tipsdo Not Make Any Inspection Fee Without Seeing The Agent And Property.Only Pay Rental Fee, Sales Fee Or Any Upfront Payment After You Verify The Landlord.Ensure You Meet The Agent In An Open Location.The Agent Does Not Represent Propertypro And Propertypro Is Not Liable For Any Monetary Transaction Between You And The Agent.",1PHFY,2026-03-20,2026-04-24,https://www.propertypro.ng/property/1-bedroom-house-for-rent-pyakasa-lugbe-lugbe-abuja-1PHFY,1.8,"₦1,800,000"
Sharp 3 Bedroom Bungalow,4000000,Rent,Lugbe,Lugbe,Von Garden Estate Lugbe Abuja,3,4,4,Bungalow,"Safety Tipsdo Not Make Any Inspection Fee Without Seeing The Agent And Property.Only Pay Rental Fee, Sales Fee Or Any Upfront Payment After You Verify The Landlord.Ensure You Meet The Agent In An Open Location.The Agent Does Not Represent Propertypro And Propertypro Is Not Liable For Any Monetary Transaction Between You And The Agent.",4PJJT,2026-03-31,2026-04-24,https://www.propertypro.ng/property/3-bedroom-house-for-rent-von-garden-estate-lugbe-abuja-4PJJT,4.0,"₦4,000,000"
Sharp 3 Bedroom Bungalow,4700000,Rent,Lugbe,Lugbe,Kapua Lugbe Abuja,3,3,3,Bungalow,"Safety Tipsdo Not Make Any Inspection Fee Without Seeing The Agent And Property.Only Pay Rental Fee, Sales Fee Or Any Upfront Payment After You Verify The Landlord.Ensure You Meet The Agent In An Open Location.The Agent Does Not Represent Propertypro And Propertypro Is Not Liable For Any Monetary Transaction Between You And The Agent.",6PKHK,2026-04-08,2026-04-24,https://www.propertypro.ng/property/3-bedroom-house-for-rent-kapua-lugbe-abuja-6PKHK,4.7,"₦4,700,000"
Newly Built 4 Bedroom Fully Detached Duplex,6000000,Rent,Lugbe,Lugbe,"Along Von Garden Estate Road, Lugbe Abuja",4,5,5,Detached Duplex,"Safety Tipsdo Not Make Any Inspection Fee Without Seeing The Agent And Property.Only Pay Rental Fee, Sales Fee Or Any Upfront Payment After You Verify The Landlord.Ensure You Meet The Agent In An Open Location.The Agent Does Not Represent Propertypro And Propertypro Is Not Liable For Any Monetary Transaction Between You And The Agent.",5PKDJ,2026-04-07,2026-04-24,https://www.propertypro.ng/property/4-bedroom-house-for-rent-along-von-garden-estate-road-lugbe-abuja-5PKDJ,6.0,"₦6,000,000"
Standard 3 Bedroom Semi Detached Duplex,7500000,Rent,Lugbe,Lugbe,River Park Estate Lugbe Abuja,3,4,4,Semi-Detached Duplex,"Safety Tipsdo Not Make Any Inspection Fee Without Seeing The Agent And Property.Only Pay Rental Fee, Sales Fee Or Any Upfront Payment After You Verify The Landlord.Ensure You Meet The Agent In An Open Location.The Agent Does Not Represent Propertypro And Propertypro Is Not Liable For Any Monetary Transaction Between You And The Agent.",2PKYY,2026-04-14,2026-04-24,https://www.propertypro.ng/property/3-bedroom-house-for-rent-river-park-estate-lugbe-abuja-2PKYY,7.5,"₦7,500,000"
Sharp 2 Bedroom Semi Detached Bungalow,2500000,Rent,Lugbe,Lugbe,Lugbe Airport Road Lugbe Abuja,2,3,3,Bungalow,"Safety Tipsdo Not Make Any Inspection Fee Without Seeing The Agent And Property.Only Pay Rental Fee, Sales Fee Or Any Upfront Payment After You Verify The Landlord.Ensure You Meet The Agent In An Open Location.The Agent Does Not Represent Propertypro And Propertypro Is Not Liable For Any Monetary Transaction Between You And The Agent.",1PJRP,2026-04-02,2026-04-24,https://www.propertypro.ng/property/2-bedroom-house-for-rent-lugbe-airport-road-lugbe-abuja-1PJRP,2.5,"₦2,500,000"
Serviced 3 Bedroom Terrace Duplex With Bq,13000000,Rent,Jabi,Jabi,Jabi Abuja,3,3,4,Terraced Duplex,"Safety Tipsdo Not Make Any Inspection Fee Without Seeing The Agent And Property.Only Pay Rental Fee, Sales Fee Or Any Upfront Payment After You Verify The Landlord.Ensure You Meet The Agent In An Open Location.The Agent Does Not Represent Propertypro And Propertypro Is Not Liable For Any Monetary Transaction Between You And The Agent.",0PHZZ,2026-03-27,2026-04-24,https://www.propertypro.ng/property/3-bedroom-house-for-rent-jabi-abuja-0PHZZ,13.0,"₦13,000,000"
Newly Built 2 Bedroom Flat,6500000,Rent,Jabi,Jabi,By Airport Jabi Abuja,2,3,5,Flat/Apartment,"Safety Tipsdo Not Make Any Inspection Fee Without Seeing The Agent And Property.Only Pay Rental Fee, Sales Fee Or Any Upfront Payment After You Verify The Landlord.Ensure You Meet The Agent In An Open Location.The Agent Does Not Represent Propertypro And Propertypro Is Not Liable For Any Monetary Transaction Between You And The Agent.",7PESD,2026-02-26,2026-04-24,https://www.propertypro.ng/property/2-bedroom-house-for-rent-by-airport-jabi-abuja-7PESD,6.5,"₦6,500,000"
3 Bedrooms Terrace Duplex With Bq,15000000,Rent,Jabi,Jabi,Jabi Jabi Abuja,3,4,4,Terraced Duplex,"Safety Tipsdo Not Make Any Inspection Fee Without Seeing The Agent And Property.Only Pay Rental Fee, Sales Fee Or Any Upfront Payment After You Verify The Landlord.Ensure You Meet The Agent In An Open Location.The Agent Does Not Represent Propertypro And Propertypro Is Not Liable For Any Monetary Transaction Between You And The Agent.",5PLEY,2026-04-16,2026-04-24,https://www.propertypro.ng/property/3-bedroom-house-for-rent-jabi-jabi-abuja-5PLEY,15.0,"₦15,000,000"
Spacious 3 Bedroom Flat,7000000,Rent,Jabi,Jabi,Jabi Jabi Abuja,3,3,5,Flat/Apartment,"Safety Tipsdo Not Make Any Inspection Fee Without Seeing The Agent And Property.Only Pay Rental Fee, Sales Fee Or Any Upfront Payment After You Verify The Landlord.Ensure You Meet The Agent In An Open Location.The Agent Does Not Represent Propertypro And Propertypro Is Not Liable For Any Monetary Transaction Between You And The Agent.",4PKXE,2026-04-14,2026-04-24,https://www.propertypro.ng/property/3-bedroom-flat-apartment-for-rent-jabi-jabi-abuja-4PKXE,7.0,"₦7,000,000"
Brand New 4 Bedroom Detached Duplex With 1 Bq,35000000,Rent,Jabi,Jabi,"Jabi District Abuja Diplomatic Zone, Jabi Abuja",4,5,5,Detached Duplex,"Safety Tipsdo Not Make Any Inspection Fee Without Seeing The Agent And Property.Only Pay Rental Fee, Sales Fee Or Any Upfront Payment After You Verify The Landlord.Ensure You Meet The Agent In An Open Location.The Agent Does Not Represent Propertypro And Propertypro Is Not Liable For Any Monetary Transaction Between You And The Agent.",7NZEP,2026-01-09,2026-04-24,https://www.propertypro.ng/property/4-bedroom-house-for-rent-jabi-district-abuja-diplomatic-zone-jabi-abuja-7NZEP,35.0,"₦35,000,000"
Newly Built 2 Bedroom Flat,9000000,Rent,Jabi,Jabi,"Jabi , Abuja Jabi Abuja",2,2,3,Flat/Apartment,"Safety Tipsdo Not Make Any Inspection Fee Without Seeing The Agent And Property.Only Pay Rental Fee, Sales Fee Or Any Upfront Payment After You Verify The Landlord.Ensure You Meet The Agent In An Open Location.The Agent Does Not Represent Propertypro And Propertypro Is Not Liable For Any Monetary Transaction Between You And The Agent.",3PJSD,2026-04-02,2026-04-24,https://www.propertypro.ng/property/2-bedroom-flat-apartment-for-rent-jabi-abuja-jabi-abuja-3PJSD,9.0,"₦9,000,000"
4 Bedroom Duplex,4000000,Rent,Jabi,Jabi,"Jabi , Abuja Jabi Abuja",4,4,5,Detached Duplex,"Safety Tipsdo Not Make Any Inspection Fee Without Seeing The Agent And Property.Only Pay Rental Fee, Sales Fee Or Any Upfront Payment After You Verify The Landlord.Ensure You Meet The Agent In An Open Location.The Agent Does Not Represent Propertypro And Propertypro Is Not Liable For Any Monetary Transaction Between You And The Agent.",8PKNC,2026-04-10,2026-04-24,https://www.propertypro.ng/property/4-bedroom-house-for-rent-jabi-abuja-jabi-abuja-8PKNC,4.0,"₦4,000,000"
5 Bedroom Semi Detached Duplex,20000000,Rent,Jabi,Jabi,"Jabi Main, Jabi Abuja",5,5,5,Semi-Detached Duplex,"Safety Tipsdo Not Make Any Inspection Fee Without Seeing The Agent And Property.Only Pay Rental Fee, Sales Fee Or Any Upfront Payment After You Verify The Landlord.Ensure You Meet The Agent In An Open Location.The Agent Does Not Represent Propertypro And Propertypro Is Not Liable For Any Monetary Transaction Between You And The Agent.",3PDXS,2026-02-19,2026-04-24,https://www.propertypro.ng/property/5-bedroom-house-for-rent-jabi-main-jabi-abuja-3PDXS,20.0,"₦20,000,000"
4 Bedroom Semi Detached Duplex,15000000,Rent,Jabi,Jabi,"Jabi Main, Jabi Abuja",4,4,5,Semi-Detached Duplex,"Safety Tipsdo Not Make Any Inspection Fee Without Seeing The Agent And Property.Only Pay Rental Fee, Sales Fee Or Any Upfront Payment After You Verify The Landlord.Ensure You Meet The Agent In An Open Location.The Agent Does Not Represent Propertypro And Propertypro Is Not Liable For Any Monetary Transaction Between You And The Agent.",6PFHN,2026-03-03,2026-04-24,https://www.propertypro.ng/property/4-bedroom-house-for-rent-jabi-main-jabi-abuja-6PFHN,15.0,"₦15,000,000"
Newly Built 2 Bedroom Flat,4000000,Rent,Jabi,Jabi,"Jabi Before Citec, Jabi Abuja",2,2,3,Flat/Apartment,"Safety Tipsdo Not Make Any Inspection Fee Without Seeing The Agent And Property.Only Pay Rental Fee, Sales Fee Or Any Upfront Payment After You Verify The Landlord.Ensure You Meet The Agent In An Open Location.The Agent Does Not Represent Propertypro And Propertypro Is Not Liable For Any Monetary Transaction Between You And The Agent.",0PERK,2026-02-25,2026-04-24,https://www.propertypro.ng/property/2-bedroom-flat-apartment-for-rent-jabi-before-citec-jabi-abuja-0PERK,4.0,"₦4,000,000"
Furnished 4 Bedroom Semi Detached Duplex,25000000,Rent,Jabi,Jabi,Jabi Abuja,4,4,5,Semi-Detached Duplex,"Safety Tipsdo Not Make Any Inspection Fee Without Seeing The Agent And Property.Only Pay Rental Fee, Sales Fee Or Any Upfront Payment After You Verify The Landlord.Ensure You Meet The Agent In An Open Location.The Agent Does Not Represent Propertypro And Propertypro Is Not Liable For Any Monetary Transaction Between You And The Agent.",8PEZU,2026-02-28,2026-04-24,https://www.propertypro.ng/property/4-bedroom-house-for-rent-jabi-abuja-8PEZU,25.0,"₦25,000,000"
Big Self Contain ( 2Years Rent Required),2500000,Rent,Katampe,Katampe,"Katampe Extension, Abuja Katampe Abuja",1,1,1,Flat/Apartment,"Safety Tipsdo Not Make Any Inspection Fee Without Seeing The Agent And Property.Only Pay Rental Fee, Sales Fee Or Any Upfront Payment After You Verify The Landlord.Ensure You Meet The Agent In An Open Location.The Agent Does Not Represent Propertypro And Propertypro Is Not Liable For Any Monetary Transaction Between You And The Agent.",7PMFU,2026-04-25,2026-04-25,https://www.propertypro.ng/property/1-bedroom-flat-apartment-for-rent-katampe-extension-abuja-katampe-abuja-7PMFU,2.5,"₦2,500,000"
4 Bedroom Terraced Duplex With 2 Bq,20000000,Rent,Katampe,Katampe,"Katampe Extention Diplomatic Zone, Katampe Extension Katampe Abuja",4,4,5,Terraced Duplex,"Safety Tipsdo Not Make Any Inspection Fee Without Seeing The Agent And Property.Only Pay Rental Fee, Sales Fee Or Any Upfront Payment After You Verify The Landlord.Ensure You Meet The Agent In An Open Location.The Agent Does Not Represent Propertypro And Propertypro Is Not Liable For Any Monetary Transaction Between You And The Agent.",0PGSJ,2026-03-15,2026-04-24,https://www.propertypro.ng/property/4-bedroom-house-for-rent-katampe-extention-diplomatic-zone-katampe-extension-katampe-abuja-0PGSJ,20.0,"₦20,000,000"
6 Bedroom Detached Duplex,30000000,Rent,Katampe,Katampe,Diplomatic Zone Katampe Extension Katampe Abuja,6,6,7,Detached Duplex,"Safety Tipsdo Not Make Any Inspection Fee Without Seeing The Agent And Property.Only Pay Rental Fee, Sales Fee Or Any Upfront Payment After You Verify The Landlord.Ensure You Meet The Agent In An Open Location.The Agent Does Not Represent Propertypro And Propertypro Is Not Liable For Any Monetary Transaction Between You And The Agent.",8PFBC,2026-03-01,2026-04-24,https://www.propertypro.ng/property/6-bedroom-house-for-rent-diplomatic-zone-katampe-extension-katampe-abuja-8PFBC,30.0,"₦30,000,000"
A Good Spacious 2 Bedroom Flat,7000000,Rent,Katampe,Katampe,Diplomatic Zone. (Video Of The Apartment Is Available) Katampe Extension Katampe Abuja,2,2,3,Flat/Apartment,"Safety Tipsdo Not Make Any Inspection Fee Without Seeing The Agent And Property.Only Pay Rental Fee, Sales Fee Or Any Upfront Payment After You Verify The Landlord.Ensure You Meet The Agent In An Open Location.The Agent Does Not Represent Propertypro And Propertypro Is Not Liable For Any Monetary Transaction Between You And The Agent.",9PHTE,2026-03-25,2026-04-24,https://www.propertypro.ng/property/2-bedroom-flat-apartment-for-rent-diplomatic-zone-video-of-the-apartment-is-available-katampe-extension-katampe-abuja-9PHTE,7.0,"₦7,000,000"
A Good Spacious 4 Bedroom Terrace Duplex + 1Bq,16000000,Rent,Katampe,Katampe,Diplomatic Zone. Katampe Extension Katampe Abuja,4,4,5,Terraced Duplex,"Safety Tipsdo Not Make Any Inspection Fee Without Seeing The Agent And Property.Only Pay Rental Fee, Sales Fee Or Any Upfront Payment After You Verify The Landlord.Ensure You Meet The Agent In An Open Location.The Agent Does Not Represent Propertypro And Propertypro Is Not Liable For Any Monetary Transaction Between You And The Agent.",1PKHS,2026-04-09,2026-04-24,https://www.propertypro.ng/property/4-bedroom-house-for-rent-diplomatic-zone-katampe-extension-katampe-abuja-1PKHS,16.0,"₦16,000,000"
Well Built 4 Bedroom Semi Detached Duplex,30000000,Rent,Katampe,Katampe,"Diplomatic Zone, Katampe Extension Katampe Abuja",4,4,5,Semi-Detached Duplex,"Safety Tipsdo Not Make Any Inspection Fee Without Seeing The Agent And Property.Only Pay Rental Fee, Sales Fee Or Any Upfront Payment After You Verify The Landlord.Ensure You Meet The Agent In An Open Location.The Agent Does Not Represent Propertypro And Propertypro Is Not Liable For Any Monetary Transaction Between You And The Agent.",5PGTP,2026-03-16,2026-04-24,https://www.propertypro.ng/property/4-bedroom-house-for-rent-diplomatic-zone-katampe-extension-katampe-abuja-5PGTP,30.0,"₦30,000,000"
A Furnished & Serviced 4 Bedroom Terrace Duplex + 1Bq,23000000,Rent,Katampe,Katampe,Diplomatic Zone. Katampe Extension Katampe Abuja,4,4,5,Terraced Duplex,"Safety Tipsdo Not Make Any Inspection Fee Without Seeing The Agent And Property.Only Pay Rental Fee, Sales Fee Or Any Upfront Payment After You Verify The Landlord.Ensure You Meet The Agent In An Open Location.The Agent Does Not Represent Propertypro And Propertypro Is Not Liable For Any Monetary Transaction Between You And The Agent.",3PLRL,2026-04-21,2026-04-24,https://www.propertypro.ng/property/4-bedroom-house-for-rent-diplomatic-zone-katampe-extension-katampe-abuja-3PLRL,23.0,"₦23,000,000"
6 Bedroom Terraced Duplex With 1 Bq,30000000,Rent,Katampe,Katampe,"Diplomatic Zone, Katampe Extension Katampe Abuja",6,6,7,Terraced Duplex,"Safety Tipsdo Not Make Any Inspection Fee Without Seeing The Agent And Property.Only Pay Rental Fee, Sales Fee Or Any Upfront Payment After You Verify The Landlord.Ensure You Meet The Agent In An Open Location.The Agent Does Not Represent Propertypro And Propertypro Is Not Liable For Any Monetary Transaction Between You And The Agent.",1PGTQ,2026-03-16,2026-04-24,https://www.propertypro.ng/property/6-bedroom-house-for-rent-diplomatic-zone-katampe-extension-katampe-abuja-1PGTQ,30.0,"₦30,000,000"
3 Bedroom Flat,12000000,Rent,Katampe,Katampe,Katampe Main Katampe Abuja,3,4,4,Flat/Apartment,"Safety Tipsdo Not Make Any Inspection Fee Without Seeing The Agent And Property.Only Pay Rental Fee, Sales Fee Or Any Upfront Payment After You Verify The Landlord.Ensure You Meet The Agent In An Open Location.The Agent Does Not Represent Propertypro And Propertypro Is Not Liable For Any Monetary Transaction Between You And The Agent.",3PGJR,2026-03-12,2026-04-24,https://www.propertypro.ng/property/3-bedroom-flat-apartment-for-rent-katampe-main-katampe-abuja-3PGJR,12.0,"₦12,000,000"
"Executive 2Bedroom Flat Apartment, At Katampe",23000000,Rent,Katampe,Katampe,Katampe Main Katampe Abuja,2,2,3,Flat/Apartment,"Safety Tipsdo Not Make Any Inspection Fee Without Seeing The Agent And Property.Only Pay Rental Fee, Sales Fee Or Any Upfront Payment After You Verify The Landlord.Ensure You Meet The Agent In An Open Location.The Agent Does Not Represent Propertypro And Propertypro Is Not Liable For Any Monetary Transaction Between You And The Agent.",5PJCU,2026-03-28,2026-04-24,https://www.propertypro.ng/property/2-bedroom-house-for-rent-katampe-main-katampe-abuja-5PJCU,23.0,"₦23,000,000"
Serviced 4 Bedroom Terrace Duplex With Bq,16000000,Rent,Katampe,Katampe,Katempe Extension Katampe Extension Katampe Abuja,4,6,6,Terraced Duplex,"Safety Tipsdo Not Make Any Inspection Fee Without Seeing The Agent And Property.Only Pay Rental Fee, Sales Fee Or Any Upfront Payment After You Verify The Landlord.Ensure You Meet The Agent In An Open Location.The Agent Does Not Represent Propertypro And Propertypro Is Not Liable For Any Monetary Transaction Between You And The Agent.",1PKLW,2026-04-10,2026-04-24,https://www.propertypro.ng/property/4-bedroom-house-for-rent-katempe-extension-katampe-extension-katampe-abuja-1PKLW,16.0,"₦16,000,000"
Brand New Fully Detached 7 Bedroom Duplex With Bq,50000000,Rent,Katampe,Katampe,Katampe Extension Katampe Abuja,7,7,7,Detached Duplex,"Safety Tipsdo Not Make Any Inspection Fee Without Seeing The Agent And Property.Only Pay Rental Fee, Sales Fee Or Any Upfront Payment After You Verify The Landlord.Ensure You Meet The Agent In An Open Location.The Agent Does Not Represent Propertypro And Propertypro Is Not Liable For Any Monetary Transaction Between You And The Agent.",3PHHE,2026-03-20,2026-04-24,https://www.propertypro.ng/property/7-bedroom-house-for-rent-katampe-extension-katampe-abuja-3PHHE,50.0,"₦50,000,000"
Luxurious 5 Bedroom Semi Detached Duplex,30000000,Rent,Katampe,Katampe,Katampe Extension Katampe Abuja,5,5,6,Semi-Detached Duplex,"Safety Tipsdo Not Make Any Inspection Fee Without Seeing The Agent And Property.Only Pay Rental Fee, Sales Fee Or Any Upfront Payment After You Verify The Landlord.Ensure You Meet The Agent In An Open Location.The Agent Does Not Represent Propertypro And Propertypro Is Not Liable For Any Monetary Transaction Between You And The Agent.",3PJSK,2026-04-02,2026-04-24,https://www.propertypro.ng/property/5-bedroom-house-for-rent-katampe-extension-katampe-abuja-3PJSK,30.0,"₦30,000,000"
2 Bedroom Flat,3500000,Rent,Katampe,Katampe,"By Maitama, Katampe Abuja",2,2,3,Flat/Apartment,"Safety Tipsdo Not Make Any Inspection Fee Without Seeing The Agent And Property.Only Pay Rental Fee, Sales Fee Or Any Upfront Payment After You Verify The Landlord.Ensure You Meet The Agent In An Open Location.The Agent Does Not Represent Propertypro And Propertypro Is Not Liable For Any Monetary Transaction Between You And The Agent.",1PDNL,2026-02-17,2026-04-24,https://www.propertypro.ng/property/2-bedroom-flat-apartment-for-rent-by-maitama-katampe-abuja-1PDNL,3.5,"₦3,500,000"
Newly Built 6 Bedroom Fully Detached Duplex With Bq,30000000,Rent,Katampe,Katampe,"Katampe Extension, Katampe Abuja",6,6,7,Detached Duplex,"Safety Tipsdo Not Make Any Inspection Fee Without Seeing The Agent And Property.Only Pay Rental Fee, Sales Fee Or Any Upfront Payment After You Verify The Landlord.Ensure You Meet The Agent In An Open Location.The Agent Does Not Represent Propertypro And Propertypro Is Not Liable For Any Monetary Transaction Between You And The Agent.",0PFAP,2026-03-01,2026-04-24,https://www.propertypro.ng/property/6-bedroom-house-for-rent-katampe-extension-katampe-abuja-0PFAP,30.0,"₦30,000,000"
Newly Built 5 Bedroom Semi Detached Duplex With Bq,30000000,Rent,Katampe,Katampe,Katampe Extension Katampe Abuja,5,6,6,Semi-Detached Duplex,"Safety Tipsdo Not Make Any Inspection Fee Without Seeing The Agent And Property.Only Pay Rental Fee, Sales Fee Or Any Upfront Payment After You Verify The Landlord.Ensure You Meet The Agent In An Open Location.The Agent Does Not Represent Propertypro And Propertypro Is Not Liable For Any Monetary Transaction Between You And The Agent.",7PJUD,2026-04-03,2026-04-24,https://www.propertypro.ng/property/5-bedroom-house-for-rent-katampe-extension-katampe-abuja-7PJUD,30.0,"₦30,000,000"
Luxury 5 Bedroom Terrace Duplex With Bq,17000000,Rent,Katampe,Katampe,Katampe Extension Katampe Abuja,5,6,6,Terraced Duplex,"Safety Tipsdo Not Make Any Inspection Fee Without Seeing The Agent And Property.Only Pay Rental Fee, Sales Fee Or Any Upfront Payment After You Verify The Landlord.Ensure You Meet The Agent In An Open Location.The Agent Does Not Represent Propertypro And Propertypro Is Not Liable For Any Monetary Transaction Between You And The Agent.",4PLJH,2026-04-17,2026-04-23,https://www.propertypro.ng/property/5-bedroom-house-for-rent-katampe-extension-katampe-abuja-4PLJH,17.0,"₦17,000,000"
One Bedroom Flat (To Be Furnished & 24Hrs Light),3600000,Rent,Life-Camp,Life-Camp,"Life Camp By Stella Maris School, Life Camp Abuja Life Camp Abuja",1,1,1,Flat/Apartment,"Safety Tipsdo Not Make Any Inspection Fee Without Seeing The Agent And Property.Only Pay Rental Fee, Sales Fee Or Any Upfront Payment After You Verify The Landlord.Ensure You Meet The Agent In An Open Location.The Agent Does Not Represent Propertypro And Propertypro Is Not Liable For Any Monetary Transaction Between You And The Agent.",4PMFD,2026-04-25,2026-04-25,https://www.propertypro.ng/property/1-bedroom-flat-apartment-for-rent-life-camp-by-stella-maris-school-life-camp-abuja-life-camp-abuja-4PMFD,3.6,"₦3,600,000"
Newly Built 4 Bedroom Terraced Duplex With Bq,10000000,Rent,Life-Camp,Life-Camp,"Life Camp In A Secured And Serene Estate, Life Camp Abuja",4,4,5,Terraced Duplex,"Safety Tipsdo Not Make Any Inspection Fee Without Seeing The Agent And Property.Only Pay Rental Fee, Sales Fee Or Any Upfront Payment After You Verify The Landlord.Ensure You Meet The Agent In An Open Location.The Agent Does Not Represent Propertypro And Propertypro Is Not Liable For Any Monetary Transaction Between You And The Agent.",0NVTK,2025-11-26,2026-04-24,https://www.propertypro.ng/property/4-bedroom-house-for-rent-life-camp-in-a-secured-and-serene-estate-life-camp-abuja-0NVTK,10.0,"₦10,000,000"
4 Bedroom Terrace Duplex With Bq,13000000,Rent,Life-Camp,Life-Camp,Life Camp Abuja,4,4,5,Terraced Duplex,"Safety Tipsdo Not Make Any Inspection Fee Without Seeing The Agent And Property.Only Pay Rental Fee, Sales Fee Or Any Upfront Payment After You Verify The Landlord.Ensure You Meet The Agent In An Open Location.The Agent Does Not Represent Propertypro And Propertypro Is Not Liable For Any Monetary Transaction Between You And The Agent.",8PGKN,2026-03-12,2026-04-24,https://www.propertypro.ng/property/4-bedroom-house-for-rent-life-camp-abuja-8PGKN,13.0,"₦13,000,000"
Spacious 4 Bedroom Terraced Duplex,7500000,Rent,Life-Camp,Life-Camp,Life Camp Abuja,4,4,5,Terraced Duplex,"Safety Tipsdo Not Make Any Inspection Fee Without Seeing The Agent And Property.Only Pay Rental Fee, Sales Fee Or Any Upfront Payment After You Verify The Landlord.Ensure You Meet The Agent In An Open Location.The Agent Does Not Represent Propertypro And Propertypro Is Not Liable For Any Monetary Transaction Between You And The Agent.",1PCPL,2026-02-09,2026-04-24,https://www.propertypro.ng/property/4-bedroom-house-for-rent-life-camp-abuja-1PCPL,7.5,"₦7,500,000"
4 Bedroom Semi Detached Duplex,14000000,Rent,Life-Camp,Life-Camp,Life Camp Abuja,4,4,5,Semi-Detached Duplex,"Safety Tipsdo Not Make Any Inspection Fee Without Seeing The Agent And Property.Only Pay Rental Fee, Sales Fee Or Any Upfront Payment After You Verify The Landlord.Ensure You Meet The Agent In An Open Location.The Agent Does Not Represent Propertypro And Propertypro Is Not Liable For Any Monetary Transaction Between You And The Agent.",5PCXF,2026-02-11,2026-04-24,https://www.propertypro.ng/property/4-bedroom-house-for-rent-life-camp-abuja-5PCXF,14.0,"₦14,000,000"
Newly Built 4 Bedroom Terrace Duplex With Bq,10000000,Rent,Life-Camp,Life-Camp,Life Camp Life Camp Abuja,4,4,5,Terraced Duplex,"Safety Tipsdo Not Make Any Inspection Fee Without Seeing The Agent And Property.Only Pay Rental Fee, Sales Fee Or Any Upfront Payment After You Verify The Landlord.Ensure You Meet The Agent In An Open Location.The Agent Does Not Represent Propertypro And Propertypro Is Not Liable For Any Monetary Transaction Between You And The Agent.",7PDGM,2026-02-15,2026-04-24,https://www.propertypro.ng/property/4-bedroom-house-for-rent-life-camp-life-camp-abuja-7PDGM,10.0,"₦10,000,000"
Newly Built 4 Bedroom Terraced Duplex,9000000,Rent,Life-Camp,Life-Camp,Life Camp Abuja,4,4,5,Terraced Duplex,"Safety Tipsdo Not Make Any Inspection Fee Without Seeing The Agent And Property.Only Pay Rental Fee, Sales Fee Or Any Upfront Payment After You Verify The Landlord.Ensure You Meet The Agent In An Open Location.The Agent Does Not Represent Propertypro And Propertypro Is Not Liable For Any Monetary Transaction Between You And The Agent.",8PBMP,2026-01-29,2026-04-24,https://www.propertypro.ng/property/4-bedroom-house-for-rent-life-camp-abuja-8PBMP,9.0,"₦9,000,000"
Newly Built 4 Bedroom Terrace Duplex,9500000,Rent,Life-Camp,Life-Camp,Life Camp Life Camp Abuja,4,4,5,Terraced Duplex,"Safety Tipsdo Not Make Any Inspection Fee Without Seeing The Agent And Property.Only Pay Rental Fee, Sales Fee Or Any Upfront Payment After You Verify The Landlord.Ensure You Meet The Agent In An Open Location.The Agent Does Not Represent Propertypro And Propertypro Is Not Liable For Any Monetary Transaction Between You And The Agent.",8PDGN,2026-02-15,2026-04-24,https://www.propertypro.ng/property/4-bedroom-house-for-rent-life-camp-life-camp-abuja-8PDGN,9.5,"₦9,500,000"
Newly Built 5 Bedroom Detached Duplex With Bq,25000000,Rent,Life-Camp,Life-Camp,Life Camp Abuja,5,5,6,Detached Duplex,"Safety Tipsdo Not Make Any Inspection Fee Without Seeing The Agent And Property.Only Pay Rental Fee, Sales Fee Or Any Upfront Payment After You Verify The Landlord.Ensure You Meet The Agent In An Open Location.The Agent Does Not Represent Propertypro And Propertypro Is Not Liable For Any Monetary Transaction Between You And The Agent.",4PGLP,2026-03-12,2026-04-24,https://www.propertypro.ng/property/5-bedroom-house-for-rent-life-camp-abuja-4PGLP,25.0,"₦25,000,000"
4 Bedroom Terrace Duplex With Bq,8000000,Rent,Life-Camp,Life-Camp,Cornerpeice Life Camp Abuja,4,4,5,Terraced Duplex,"Safety Tipsdo Not Make Any Inspection Fee Without Seeing The Agent And Property.Only Pay Rental Fee, Sales Fee Or Any Upfront Payment After You Verify The Landlord.Ensure You Meet The Agent In An Open Location.The Agent Does Not Represent Propertypro And Propertypro Is Not Liable For Any Monetary Transaction Between You And The Agent.",0NSRU,2025-10-25,2026-04-24,https://www.propertypro.ng/property/4-bedroom-house-for-rent-cornerpeice-life-camp-abuja-0NSRU,8.0,"₦8,000,000"
Massive 4Bedroom Duplex With Bq ( Self Compound),8000000,Rent,Life-Camp,Life-Camp,"Cannan Estate, Life Camp, Abuja Life Camp Abuja",4,4,5,Detached Duplex,"Safety Tipsdo Not Make Any Inspection Fee Without Seeing The Agent And Property.Only Pay Rental Fee, Sales Fee Or Any Upfront Payment After You Verify The Landlord.Ensure You Meet The Agent In An Open Location.The Agent Does Not Represent Propertypro And Propertypro Is Not Liable For Any Monetary Transaction Between You And The Agent.",1PLQX,2026-04-20,2026-04-24,https://www.propertypro.ng/property/4-bedroom-house-for-rent-cannan-estate-life-camp-abuja-life-camp-abuja-1PLQX,8.0,"₦8,000,000"
Furnished 2 Bedroom Flat,8500000,Rent,Life-Camp,Life-Camp,"By Stella Maris School, Life Camp Abuja",2,2,2,Flat/Apartment,"Safety Tipsdo Not Make Any Inspection Fee Without Seeing The Agent And Property.Only Pay Rental Fee, Sales Fee Or Any Upfront Payment After You Verify The Landlord.Ensure You Meet The Agent In An Open Location.The Agent Does Not Represent Propertypro And Propertypro Is Not Liable For Any Monetary Transaction Between You And The Agent.",3PJPD,2026-04-01,2026-04-24,https://www.propertypro.ng/property/2-bedroom-flat-apartment-for-rent-by-stella-maris-school-life-camp-abuja-3PJPD,8.5,"₦8,500,000"
A Well Built Spacious 2 Bedroom Flat,4500000,Rent,Life-Camp,Life-Camp,Lifecamp District Abuja. Life Camp Abuja,2,2,3,Flat/Apartment,"Safety Tipsdo Not Make Any Inspection Fee Without Seeing The Agent And Property.Only Pay Rental Fee, Sales Fee Or Any Upfront Payment After You Verify The Landlord.Ensure You Meet The Agent In An Open Location.The Agent Does Not Represent Propertypro And Propertypro Is Not Liable For Any Monetary Transaction Between You And The Agent.",7PLXP,2026-04-23,2026-04-24,https://www.propertypro.ng/property/2-bedroom-flat-apartment-for-rent-lifecamp-district-abuja-life-camp-abuja-7PLXP,4.5,"₦4,500,000"
A Brand New Spacious 3 Bedroom Flat,6000000,Rent,Life-Camp,Life-Camp,Lifecamp District Abuja Life Camp Abuja,3,3,4,Flat/Apartment,"Safety Tipsdo Not Make Any Inspection Fee Without Seeing The Agent And Property.Only Pay Rental Fee, Sales Fee Or Any Upfront Payment After You Verify The Landlord.Ensure You Meet The Agent In An Open Location.The Agent Does Not Represent Propertypro And Propertypro Is Not Liable For Any Monetary Transaction Between You And The Agent.",0PLMG,2026-04-19,2026-04-24,https://www.propertypro.ng/property/3-bedroom-flat-apartment-for-rent-lifecamp-district-abuja-life-camp-abuja-0PLMG,6.0,"₦6,000,000"
A Well Built Spacious 4 Bedroom Terrace Duplex + 1Bq,11000000,Rent,Life-Camp,Life-Camp,Lifecamp District Abuja. Life Camp Abuja,4,4,5,Terraced Duplex,"Safety Tipsdo Not Make Any Inspection Fee Without Seeing The Agent And Property.Only Pay Rental Fee, Sales Fee Or Any Upfront Payment After You Verify The Landlord.Ensure You Meet The Agent In An Open Location.The Agent Does Not Represent Propertypro And Propertypro Is Not Liable For Any Monetary Transaction Between You And The Agent.",0PLXR,2026-04-23,2026-04-24,https://www.propertypro.ng/property/4-bedroom-house-for-rent-lifecamp-district-abuja-life-camp-abuja-0PLXR,11.0,"₦11,000,000"
Spacious 4 Bedroom Terraced Duplex With 1 Bq,7500000,Rent,Life-Camp,Life-Camp,"After The Magistrate Court, Life Camp Abuja",4,4,5,Terraced Duplex,"Safety Tipsdo Not Make Any Inspection Fee Without Seeing The Agent And Property.Only Pay Rental Fee, Sales Fee Or Any Upfront Payment After You Verify The Landlord.Ensure You Meet The Agent In An Open Location.The Agent Does Not Represent Propertypro And Propertypro Is Not Liable For Any Monetary Transaction Between You And The Agent.",1PHPF,2026-03-23,2026-04-24,https://www.propertypro.ng/property/4-bedroom-house-for-rent-after-the-magistrate-court-life-camp-abuja-1PHPF,7.5,"₦7,500,000"
A Good Spacious 4 Bedroom Semi Detached Duplex,25000000,Rent,Life-Camp,Life-Camp,Lifecamp District Abuja. Life Camp Abuja,4,4,5,Semi-Detached Duplex,"Safety Tipsdo Not Make Any Inspection Fee Without Seeing The Agent And Property.Only Pay Rental Fee, Sales Fee Or Any Upfront Payment After You Verify The Landlord.Ensure You Meet The Agent In An Open Location.The Agent Does Not Represent Propertypro And Propertypro Is Not Liable For Any Monetary Transaction Between You And The Agent.",5PJZD,2026-04-05,2026-04-24,https://www.propertypro.ng/property/4-bedroom-house-for-rent-lifecamp-district-abuja-life-camp-abuja-5PJZD,25.0,"₦25,000,000"
Newly Built 4 Bedroom Duplex,11000000,Rent,Apo,Apo,By Brains And Hammers Estate Apo Abuja,4,4,5,Detached Duplex,"Safety Tipsdo Not Make Any Inspection Fee Without Seeing The Agent And Property.Only Pay Rental Fee, Sales Fee Or Any Upfront Payment After You Verify The Landlord.Ensure You Meet The Agent In An Open Location.The Agent Does Not Represent Propertypro And Propertypro Is Not Liable For Any Monetary Transaction Between You And The Agent.",2PLHY,2026-04-17,2026-04-24,https://www.propertypro.ng/property/4-bedroom-house-for-rent-by-brains-and-hammers-estate-apo-abuja-2PLHY,11.0,"₦11,000,000"
Newly Built 3 Bedroom Flat With Bq,10000000,Rent,Apo,Apo,Rockvale Manors Estate Apo Abuja,3,3,4,Flat/Apartment,"Safety Tipsdo Not Make Any Inspection Fee Without Seeing The Agent And Property.Only Pay Rental Fee, Sales Fee Or Any Upfront Payment After You Verify The Landlord.Ensure You Meet The Agent In An Open Location.The Agent Does Not Represent Propertypro And Propertypro Is Not Liable For Any Monetary Transaction Between You And The Agent.",2PGWY,2026-03-17,2026-04-24,https://www.propertypro.ng/property/3-bedroom-house-for-rent-rockvale-manors-estate-apo-abuja-2PGWY,10.0,"₦10,000,000"
Newly Built 2 Bedroom Flat,5000000,Rent,Apo,Apo,Inside An Estate Apo Resettlement Apo Abuja,2,2,2,Flat/Apartment,"Safety Tipsdo Not Make Any Inspection Fee Without Seeing The Agent And Property.Only Pay Rental Fee, Sales Fee Or Any Upfront Payment After You Verify The Landlord.Ensure You Meet The Agent In An Open Location.The Agent Does Not Represent Propertypro And Propertypro Is Not Liable For Any Monetary Transaction Between You And The Agent.",6PEYH,2026-02-27,2026-04-24,https://www.propertypro.ng/property/2-bedroom-flat-apartment-for-rent-inside-an-estate-apo-resettlement-apo-abuja-6PEYH,5.0,"₦5,000,000"
4 Bedroom Terraced Duplex With 1 Bq,13000000,Rent,Apo,Apo,"Apo By Gudu Junction, By Ceadercrest Hospital Apo Abuja",4,4,5,Terraced Duplex,"Safety Tipsdo Not Make Any Inspection Fee Without Seeing The Agent And Property.Only Pay Rental Fee, Sales Fee Or Any Upfront Payment After You Verify The Landlord.Ensure You Meet The Agent In An Open Location.The Agent Does Not Represent Propertypro And Propertypro Is Not Liable For Any Monetary Transaction Between You And The Agent.",5PHJA,2026-03-21,2026-04-24,https://www.propertypro.ng/property/4-bedroom-house-for-rent-apo-by-gudu-junction-by-ceadercrest-hospital-apo-abuja-5PHJA,13.0,"₦13,000,000"
Spacious 4 Bedroom Terrace Duplex With Bq,10000000,Rent,Apo,Apo,"Apo Gudu District,( By Cedarcrest Hospital) Apo Abuja",4,4,5,Terraced Duplex,"Safety Tipsdo Not Make Any Inspection Fee Without Seeing The Agent And Property.Only Pay Rental Fee, Sales Fee Or Any Upfront Payment After You Verify The Landlord.Ensure You Meet The Agent In An Open Location.The Agent Does Not Represent Propertypro And Propertypro Is Not Liable For Any Monetary Transaction Between You And The Agent.",3PJEL,2026-03-29,2026-04-24,https://www.propertypro.ng/property/4-bedroom-house-for-rent-apo-gudu-district-by-cedarcrest-hospital-apo-abuja-3PJEL,10.0,"₦10,000,000"
Luxury Finished 3 Bedroom Flat,10000000,Rent,Apo,Apo,Apo Apo Abuja,3,3,4,Flat/Apartment,"Safety Tipsdo Not Make Any Inspection Fee Without Seeing The Agent And Property.Only Pay Rental Fee, Sales Fee Or Any Upfront Payment After You Verify The Landlord.Ensure You Meet The Agent In An Open Location.The Agent Does Not Represent Propertypro And Propertypro Is Not Liable For Any Monetary Transaction Between You And The Agent.",4PJZZ,2026-04-06,2026-04-24,https://www.propertypro.ng/property/3-bedroom-flat-apartment-for-rent-apo-apo-abuja-4PJZZ,10.0,"₦10,000,000"
1 Bedroom Bungalow 2 Toilets,2000000,Rent,Apo,Apo,Apo Resettlement Apo Abuja,1,2,2,Bungalow,"Safety Tipsdo Not Make Any Inspection Fee Without Seeing The Agent And Property.Only Pay Rental Fee, Sales Fee Or Any Upfront Payment After You Verify The Landlord.Ensure You Meet The Agent In An Open Location.The Agent Does Not Represent Propertypro And Propertypro Is Not Liable For Any Monetary Transaction Between You And The Agent.",1PLKY,2026-04-18,2026-04-24,https://www.propertypro.ng/property/1-bedroom-flat-apartment-for-rent-apo-resettlement-apo-abuja-1PLKY,2.0,"₦2,000,000"
2 Bedroom Apartment,4500000,Rent,Apo,Apo,Apo Resettlement Zone E Extension Tarred Road Apo Abuja,2,3,4,Flat/Apartment,"Safety Tipsdo Not Make Any Inspection Fee Without Seeing The Agent And Property.Only Pay Rental Fee, Sales Fee Or Any Upfront Payment After You Verify The Landlord.Ensure You Meet The Agent In An Open Location.The Agent Does Not Represent Propertypro And Propertypro Is Not Liable For Any Monetary Transaction Between You And The Agent.",1PDEU,2026-02-14,2026-04-24,https://www.propertypro.ng/property/2-bedroom-flat-apartment-for-rent-apo-resettlement-zone-e-extension-tarred-road-apo-abuja-1PDEU,4.5,"₦4,500,000"
Premium 4 Bedroom Serviced Apartment,3000000,Rent,Apo,Apo,"Apo Legislative Quarters Zone E , 1 Abba Kyari Close, Zone B Apo Abuja",4,4,4,Flat/Apartment,"Safety Tipsdo Not Make Any Inspection Fee Without Seeing The Agent And Property.Only Pay Rental Fee, Sales Fee Or Any Upfront Payment After You Verify The Landlord.Ensure You Meet The Agent In An Open Location.The Agent Does Not Represent Propertypro And Propertypro Is Not Liable For Any Monetary Transaction Between You And The Agent.",3PHJU,2026-03-21,2026-04-24,https://www.propertypro.ng/property/4-bedroom-flat-apartment-for-rent-apo-legislative-quarters-zone-e-1-abba-kyari-close-zone-b-apo-abuja-3PHJU,3.0,"₦3,000,000"
Premium 4 Bedroom Serviced Apartment,3300000,Rent,Apo,Apo,"Apo Legislative Quarters Zone E , 1 Abba Kyari Close, Zone B Apo Abuja",4,4,5,Flat/Apartment,"Safety Tipsdo Not Make Any Inspection Fee Without Seeing The Agent And Property.Only Pay Rental Fee, Sales Fee Or Any Upfront Payment After You Verify The Landlord.Ensure You Meet The Agent In An Open Location.The Agent Does Not Represent Propertypro And Propertypro Is Not Liable For Any Monetary Transaction Between You And The Agent.",5PHJS,2026-03-21,2026-04-24,https://www.propertypro.ng/property/4-bedroom-flat-apartment-for-rent-apo-legislative-quarters-zone-e-1-abba-kyari-close-zone-b-apo-abuja-5PHJS,3.3,"₦3,300,000"
3 Bedroom Bungalow,5000000,Rent,Apo,Apo,Apo Abuja,3,3,4,Bungalow,"Safety Tipsdo Not Make Any Inspection Fee Without Seeing The Agent And Property.Only Pay Rental Fee, Sales Fee Or Any Upfront Payment After You Verify The Landlord.Ensure You Meet The Agent In An Open Location.The Agent Does Not Represent Propertypro And Propertypro Is Not Liable For Any Monetary Transaction Between You And The Agent.",9PFNW,2026-03-05,2026-04-24,https://www.propertypro.ng/property/3-bedroom-house-for-rent-apo-abuja-9PFNW,5.0,"₦5,000,000"
Decent Self Contain,2200000,Rent,Apo,Apo,Apo Legislative Quarters Apo Abuja,1,1,1,Flat/Apartment,"Safety Tipsdo Not Make Any Inspection Fee Without Seeing The Agent And Property.Only Pay Rental Fee, Sales Fee Or Any Upfront Payment After You Verify The Landlord.Ensure You Meet The Agent In An Open Location.The Agent Does Not Represent Propertypro And Propertypro Is Not Liable For Any Monetary Transaction Between You And The Agent.",8PGYS,2026-03-17,2026-04-24,https://www.propertypro.ng/property/1-bedroom-flat-apartment-for-rent-apo-legislative-quarters-apo-abuja-8PGYS,2.2,"₦2,200,000"
3 Bedroom Flat,6000000,Rent,Apo,Apo,"Legislative Quarters, Apo Abuja",3,3,4,Flat/Apartment,"Safety Tipsdo Not Make Any Inspection Fee Without Seeing The Agent And Property.Only Pay Rental Fee, Sales Fee Or Any Upfront Payment After You Verify The Landlord.Ensure You Meet The Agent In An Open Location.The Agent Does Not Represent Propertypro And Propertypro Is Not Liable For Any Monetary Transaction Between You And The Agent.",6PGYQ,2026-03-17,2026-04-24,https://www.propertypro.ng/property/3-bedroom-flat-apartment-for-rent-legislative-quarters-apo-abuja-6PGYQ,6.0,"₦6,000,000"
3 Bedroom Bungalow,3500000,Rent,Apo,Apo,"Zone A, Apo Resettlement Apo Abuja",3,3,4,Bungalow,"Safety Tipsdo Not Make Any Inspection Fee Without Seeing The Agent And Property.Only Pay Rental Fee, Sales Fee Or Any Upfront Payment After You Verify The Landlord.Ensure You Meet The Agent In An Open Location.The Agent Does Not Represent Propertypro And Propertypro Is Not Liable For Any Monetary Transaction Between You And The Agent.",0PGQD,2026-03-13,2026-04-24,https://www.propertypro.ng/property/3-bedroom-house-for-rent-zone-a-apo-resettlement-apo-abuja-0PGQD,3.5,"₦3,500,000"
2 Bedroom Duplex,4000000,Rent,Apo,Apo,"Apo Resettlement, Apo Abuja",2,2,2,Detached Duplex,"Safety Tipsdo Not Make Any Inspection Fee Without Seeing The Agent And Property.Only Pay Rental Fee, Sales Fee Or Any Upfront Payment After You Verify The Landlord.Ensure You Meet The Agent In An Open Location.The Agent Does Not Represent Propertypro And Propertypro Is Not Liable For Any Monetary Transaction Between You And The Agent.",3PEYY,2026-02-28,2026-04-24,https://www.propertypro.ng/property/2-bedroom-house-for-rent-apo-resettlement-apo-abuja-3PEYY,4.0,"₦4,000,000"
Big 3 Bedroom Flat,4000000,Rent,Apo,Apo,"Apo By Christland School, Apo Abuja",3,3,4,Flat/Apartment,"Safety Tipsdo Not Make Any Inspection Fee Without Seeing The Agent And Property.Only Pay Rental Fee, Sales Fee Or Any Upfront Payment After You Verify The Landlord.Ensure You Meet The Agent In An Open Location.The Agent Does Not Represent Propertypro And Propertypro Is Not Liable For Any Monetary Transaction Between You And The Agent.",8PENF,2026-02-25,2026-04-24,https://www.propertypro.ng/property/3-bedroom-flat-apartment-for-rent-apo-by-christland-school-apo-abuja-8PENF,4.0,"₦4,000,000"
2 Bedroom Flat,2500000,Rent,Apo,Apo,"Apo Gudu By Ibeto Hotel, Gudu, Abuja Apo Abuja",2,2,2,Flat/Apartment,"Safety Tipsdo Not Make Any Inspection Fee Without Seeing The Agent And Property.Only Pay Rental Fee, Sales Fee Or Any Upfront Payment After You Verify The Landlord.Ensure You Meet The Agent In An Open Location.The Agent Does Not Represent Propertypro And Propertypro Is Not Liable For Any Monetary Transaction Between You And The Agent.",3PENJ,2026-02-25,2026-04-24,https://www.propertypro.ng/property/2-bedroom-flat-apartment-for-rent-apo-gudu-by-ibeto-hotel-gudu-abuja-apo-abuja-3PENJ,2.5,"₦2,500,000"
Spacious 3 Bedroom Flat,4500000,Rent,Apo,Apo,Apo Resettlement Apo Abuja,3,3,4,Flat/Apartment,"Safety Tipsdo Not Make Any Inspection Fee Without Seeing The Agent And Property.Only Pay Rental Fee, Sales Fee Or Any Upfront Payment After You Verify The Landlord.Ensure You Meet The Agent In An Open Location.The Agent Does Not Represent Propertypro And Propertypro Is Not Liable For Any Monetary Transaction Between You And The Agent.",9PJXL,2026-04-04,2026-04-23,https://www.propertypro.ng/property/3-bedroom-flat-apartment-for-rent-apo-resettlement-apo-abuja-9PJXL,4.5,"₦4,500,000"
Newly Built 4 Bedroom Terrace Duplex With Bq,9000000,Rent,Apo,Apo,Apo Gudu District By Ceadercrest Hospital Apo Abuja,4,4,5,Terraced Duplex,"Safety Tipsdo Not Make Any Inspection Fee Without Seeing The Agent And Property.Only Pay Rental Fee, Sales Fee Or Any Upfront Payment After You Verify The Landlord.Ensure You Meet The Agent In An Open Location.The Agent Does Not Represent Propertypro And Propertypro Is Not Liable For Any Monetary Transaction Between You And The Agent.",8NVGT,2025-11-21,2026-04-24,https://www.propertypro.ng/property/4-bedroom-house-for-rent-apo-gudu-district-by-ceadercrest-hospital-apo-abuja-8NVGT,9.0,"₦9,000,000"
2 Bedroom Flat,5000000,Rent,Apo,Apo,Apo Resettlement Abuja. ( Video Of The House Is Attached) Apo Resettlement Apo Abuja,2,2,3,Flat/Apartment,"Safety Tipsdo Not Make Any Inspection Fee Without Seeing The Agent And Property.Only Pay Rental Fee, Sales Fee Or Any Upfront Payment After You Verify The Landlord.Ensure You Meet The Agent In An Open Location.The Agent Does Not Represent Propertypro And Propertypro Is Not Liable For Any Monetary Transaction Between You And The Agent.",2PEVU,2026-02-27,2026-04-24,https://www.propertypro.ng/property/2-bedroom-flat-apartment-for-rent-apo-resettlement-abuja-video-of-the-house-is-attached-apo-resettlement-apo-abuja-2PEVU,5.0,"₦5,000,000"
A Fully Furnished 3 Bedroom Terrace,7500000,Rent,Karsana,Karsana,Gwarimpa Extension Karsana Abuja,3,4,4,House,"Safety Tipsdo Not Make Any Inspection Fee Without Seeing The Agent And Property.Only Pay Rental Fee, Sales Fee Or Any Upfront Payment After You Verify The Landlord.Ensure You Meet The Agent In An Open Location.The Agent Does Not Represent Propertypro And Propertypro Is Not Liable For Any Monetary Transaction Between You And The Agent.",7PKYU,2026-04-14,2026-04-24,https://www.propertypro.ng/property/3-bedroom-house-for-rent-gwarimpa-extension-karsana-abuja-7PKYU,7.5,"₦7,500,000"
Magnificently Finished 3 Bedroom Bungalow,10000000,Rent,Karsana,Karsana,Gwarinpa Extension Karsana Abuja,3,3,5,Bungalow,"Safety Tipsdo Not Make Any Inspection Fee Without Seeing The Agent And Property.Only Pay Rental Fee, Sales Fee Or Any Upfront Payment After You Verify The Landlord.Ensure You Meet The Agent In An Open Location.The Agent Does Not Represent Propertypro And Propertypro Is Not Liable For Any Monetary Transaction Between You And The Agent.",7PEYZ,2026-02-28,2026-04-24,https://www.propertypro.ng/property/3-bedroom-house-for-rent-gwarinpa-extension-karsana-abuja-7PEYZ,10.0,"₦10,000,000"
Amazing 4 Bedroom Bungalow,10000000,Rent,Karsana,Karsana,Efab Queens Karsana Karsana Abuja,4,4,5,Bungalow,"Safety Tipsdo Not Make Any Inspection Fee Without Seeing The Agent And Property.Only Pay Rental Fee, Sales Fee Or Any Upfront Payment After You Verify The Landlord.Ensure You Meet The Agent In An Open Location.The Agent Does Not Represent Propertypro And Propertypro Is Not Liable For Any Monetary Transaction Between You And The Agent.",0PKAG,2026-04-06,2026-04-24,https://www.propertypro.ng/property/4-bedroom-house-for-rent-efab-queens-karsana-karsana-abuja-0PKAG,10.0,"₦10,000,000"
2 Bedroom Terrace Duplex With Bq,10000000,Rent,Lokogoma,Lokogoma,Lokogoma Abuja,2,2,4,Terraced Duplex,"Safety Tipsdo Not Make Any Inspection Fee Without Seeing The Agent And Property.Only Pay Rental Fee, Sales Fee Or Any Upfront Payment After You Verify The Landlord.Ensure You Meet The Agent In An Open Location.The Agent Does Not Represent Propertypro And Propertypro Is Not Liable For Any Monetary Transaction Between You And The Agent.",7PJAQ,2026-03-27,2026-04-24,https://www.propertypro.ng/property/2-bedroom-house-for-rent-lokogoma-abuja-7PJAQ,10.0,"₦10,000,000"
Very Spacious One Bedroom,2200000,Rent,Lokogoma,Lokogoma,In An Estate At Dakwo District Lokogoma Abuja,1,1,2,Flat/Apartment,"Safety Tipsdo Not Make Any Inspection Fee Without Seeing The Agent And Property.Only Pay Rental Fee, Sales Fee Or Any Upfront Payment After You Verify The Landlord.Ensure You Meet The Agent In An Open Location.The Agent Does Not Represent Propertypro And Propertypro Is Not Liable For Any Monetary Transaction Between You And The Agent.",3PKJW,2026-04-09,2026-04-24,https://www.propertypro.ng/property/1-bedroom-flat-apartment-for-rent-in-an-estate-at-dakwo-district-lokogoma-abuja-3PKJW,2.2,"₦2,200,000"
A New 6 Bedroom Fully Detached Duplex + Bq,8000000,Rent,Lokogoma,Lokogoma,In Serene & Secured Estate. Video Is Available. Lokogoma Abuja,6,6,7,Detached Duplex,"Safety Tipsdo Not Make Any Inspection Fee Without Seeing The Agent And Property.Only Pay Rental Fee, Sales Fee Or Any Upfront Payment After You Verify The Landlord.Ensure You Meet The Agent In An Open Location.The Agent Does Not Represent Propertypro And Propertypro Is Not Liable For Any Monetary Transaction Between You And The Agent.",5PKSP,2026-04-12,2026-04-24,https://www.propertypro.ng/property/6-bedroom-house-for-rent-in-serene-secured-estate-video-is-available-lokogoma-abuja-5PKSP,8.0,"₦8,000,000"
3 Bedroom Semi Detached Bungalow,6000000,Rent,Lokogoma,Lokogoma,"Sunnyvale Estate, Lokogoma Abuja",3,3,4,Bungalow,"Safety Tipsdo Not Make Any Inspection Fee Without Seeing The Agent And Property.Only Pay Rental Fee, Sales Fee Or Any Upfront Payment After You Verify The Landlord.Ensure You Meet The Agent In An Open Location.The Agent Does Not Represent Propertypro And Propertypro Is Not Liable For Any Monetary Transaction Between You And The Agent.",3PHZY,2026-03-27,2026-04-24,https://www.propertypro.ng/property/3-bedroom-house-for-rent-sunnyvale-estate-lokogoma-abuja-3PHZY,6.0,"₦6,000,000"
A Newly Built 4 Bedroom Semi Detached Duplex,8000000,Rent,Lokogoma,Lokogoma,Lokogoma District Abuja. Lokogoma Abuja,4,4,5,Semi-Detached Duplex,"Safety Tipsdo Not Make Any Inspection Fee Without Seeing The Agent And Property.Only Pay Rental Fee, Sales Fee Or Any Upfront Payment After You Verify The Landlord.Ensure You Meet The Agent In An Open Location.The Agent Does Not Represent Propertypro And Propertypro Is Not Liable For Any Monetary Transaction Between You And The Agent.",6PJRD,2026-04-02,2026-04-24,https://www.propertypro.ng/property/4-bedroom-house-for-rent-lokogoma-district-abuja-lokogoma-abuja-6PJRD,8.0,"₦8,000,000"
2Bedroom Flat To Let Near Jubilation Bethel,3500000,Rent,Lokogoma,Lokogoma,Pengasson Estate Lokogoma Abuja,2,3,3,Flat/Apartment,"Safety Tipsdo Not Make Any Inspection Fee Without Seeing The Agent And Property.Only Pay Rental Fee, Sales Fee Or Any Upfront Payment After You Verify The Landlord.Ensure You Meet The Agent In An Open Location.The Agent Does Not Represent Propertypro And Propertypro Is Not Liable For Any Monetary Transaction Between You And The Agent.",2PHVY,2026-03-25,2026-04-24,https://www.propertypro.ng/property/2-bedroom-flat-apartment-for-rent-pengasson-estate-lokogoma-abuja-2PHVY,3.5,"₦3,500,000"
3 Bedroom Bungalow,4800000,Rent,Lokogoma,Lokogoma,Lokogoma Abuja,3,4,4,Bungalow,"Safety Tipsdo Not Make Any Inspection Fee Without Seeing The Agent And Property.Only Pay Rental Fee, Sales Fee Or Any Upfront Payment After You Verify The Landlord.Ensure You Meet The Agent In An Open Location.The Agent Does Not Represent Propertypro And Propertypro Is Not Liable For Any Monetary Transaction Between You And The Agent.",3PERY,2026-02-26,2026-04-24,https://www.propertypro.ng/property/3-bedroom-house-for-rent-lokogoma-abuja-3PERY,4.8,"₦4,800,000"
2 Bedroom Apartment,4000000,Rent,Lokogoma,Lokogoma,Lokogoma Abuja,2,2,4,Flat/Apartment,"Safety Tipsdo Not Make Any Inspection Fee Without Seeing The Agent And Property.Only Pay Rental Fee, Sales Fee Or Any Upfront Payment After You Verify The Landlord.Ensure You Meet The Agent In An Open Location.The Agent Does Not Represent Propertypro And Propertypro Is Not Liable For Any Monetary Transaction Between You And The Agent.",5PHMV,2026-03-23,2026-04-24,https://www.propertypro.ng/property/2-bedroom-house-for-rent-lokogoma-abuja-5PHMV,4.0,"₦4,000,000"
3 Bedroom Detached Bungalow,5500000,Rent,Lokogoma,Lokogoma,Lokogoma Abuja,3,3,4,Bungalow,"Safety Tipsdo Not Make Any Inspection Fee Without Seeing The Agent And Property.Only Pay Rental Fee, Sales Fee Or Any Upfront Payment After You Verify The Landlord.Ensure You Meet The Agent In An Open Location.The Agent Does Not Represent Propertypro And Propertypro Is Not Liable For Any Monetary Transaction Between You And The Agent.",2PHUZ,2026-03-25,2026-04-24,https://www.propertypro.ng/property/3-bedroom-house-for-rent-lokogoma-abuja-2PHUZ,5.5,"₦5,500,000"
Self Contain,800000,Rent,Lokogoma,Lokogoma,"Lokogoma Village, By Lokogoma Express, Abuja Lokogoma Abuja",1,1,1,Flat/Apartment,"Safety Tipsdo Not Make Any Inspection Fee Without Seeing The Agent And Property.Only Pay Rental Fee, Sales Fee Or Any Upfront Payment After You Verify The Landlord.Ensure You Meet The Agent In An Open Location.The Agent Does Not Represent Propertypro And Propertypro Is Not Liable For Any Monetary Transaction Between You And The Agent.",3PHHM,2026-03-20,2026-04-24,https://www.propertypro.ng/property/1-bedroom-flat-apartment-for-rent-lokogoma-village-by-lokogoma-express-abuja-lokogoma-abuja-3PHHM,0.8,"₦800,000"
3 Bedroom Terrace Duplex With Bq,5000000,Rent,Lokogoma,Lokogoma,Lokogoma Abuja,3,3,4,Terraced Duplex,"Safety Tipsdo Not Make Any Inspection Fee Without Seeing The Agent And Property.Only Pay Rental Fee, Sales Fee Or Any Upfront Payment After You Verify The Landlord.Ensure You Meet The Agent In An Open Location.The Agent Does Not Represent Propertypro And Propertypro Is Not Liable For Any Monetary Transaction Between You And The Agent.",5PGKK,2026-03-12,2026-04-24,https://www.propertypro.ng/property/3-bedroom-house-for-rent-lokogoma-abuja-5PGKK,5.0,"₦5,000,000"
4 Bedroom Duplex,5000000,Rent,Lokogoma,Lokogoma,"By Lokogoma Express, Lokogoma Abuja",4,4,5,Detached Duplex,"Safety Tipsdo Not Make Any Inspection Fee Without Seeing The Agent And Property.Only Pay Rental Fee, Sales Fee Or Any Upfront Payment After You Verify The Landlord.Ensure You Meet The Agent In An Open Location.The Agent Does Not Represent Propertypro And Propertypro Is Not Liable For Any Monetary Transaction Between You And The Agent.",4PEFA,2026-02-23,2026-04-24,https://www.propertypro.ng/property/4-bedroom-house-for-rent-by-lokogoma-express-lokogoma-abuja-4PEFA,5.0,"₦5,000,000"
1 Bedroom Flat,1700000,Rent,Lokogoma,Lokogoma,Lokogoma Abuja,1,1,1,Flat/Apartment,"Safety Tipsdo Not Make Any Inspection Fee Without Seeing The Agent And Property.Only Pay Rental Fee, Sales Fee Or Any Upfront Payment After You Verify The Landlord.Ensure You Meet The Agent In An Open Location.The Agent Does Not Represent Propertypro And Propertypro Is Not Liable For Any Monetary Transaction Between You And The Agent.",2PHKX,2026-03-22,2026-04-24,https://www.propertypro.ng/property/1-bedroom-flat-apartment-for-rent-lokogoma-abuja-2PHKX,1.7,"₦1,700,000"
2 Bedroom Flat,3500000,Rent,Lokogoma,Lokogoma,"Lokogoma Dakwo Road, Lokogoma, Abuja Lokogoma Abuja",2,2,3,Flat/Apartment,"Safety Tipsdo Not Make Any Inspection Fee Without Seeing The Agent And Property.Only Pay Rental Fee, Sales Fee Or Any Upfront Payment After You Verify The Landlord.Ensure You Meet The Agent In An Open Location.The Agent Does Not Represent Propertypro And Propertypro Is Not Liable For Any Monetary Transaction Between You And The Agent.",1PEVZ,2026-02-27,2026-04-24,https://www.propertypro.ng/property/2-bedroom-flat-apartment-for-rent-lokogoma-dakwo-road-lokogoma-abuja-lokogoma-abuja-1PEVZ,3.5,"₦3,500,000"
Newly Built 2 Bedroom Flat,4000000,Rent,Lokogoma,Lokogoma,Estate Close To Lokogoma Junction Lokogoma Abuja,2,3,4,Flat/Apartment,"Safety Tipsdo Not Make Any Inspection Fee Without Seeing The Agent And Property.Only Pay Rental Fee, Sales Fee Or Any Upfront Payment After You Verify The Landlord.Ensure You Meet The Agent In An Open Location.The Agent Does Not Represent Propertypro And Propertypro Is Not Liable For Any Monetary Transaction Between You And The Agent.",6PEHV,2026-02-23,2026-04-23,https://www.propertypro.ng/property/2-bedroom-flat-apartment-for-rent-estate-close-to-lokogoma-junction-lokogoma-abuja-6PEHV,4.0,"₦4,000,000"
4 Bedroom Fully Detached Bungalow,8000000,Rent,Lokogoma,Lokogoma,Lokogoma Abuja,4,5,5,Bungalow,"Safety Tipsdo Not Make Any Inspection Fee Without Seeing The Agent And Property.Only Pay Rental Fee, Sales Fee Or Any Upfront Payment After You Verify The Landlord.Ensure You Meet The Agent In An Open Location.The Agent Does Not Represent Propertypro And Propertypro Is Not Liable For Any Monetary Transaction Between You And The Agent.",2PEWQ,2026-02-27,2026-04-23,https://www.propertypro.ng/property/4-bedroom-house-for-rent-lokogoma-abuja-2PEWQ,8.0,"₦8,000,000"
3 Bedroom With Maid Room,6500000,Rent,Lokogoma,Lokogoma,Sunnyvale Estate Lokogoma Abuja,3,3,4,House,"Safety Tipsdo Not Make Any Inspection Fee Without Seeing The Agent And Property.Only Pay Rental Fee, Sales Fee Or Any Upfront Payment After You Verify The Landlord.Ensure You Meet The Agent In An Open Location.The Agent Does Not Represent Propertypro And Propertypro Is Not Liable For Any Monetary Transaction Between You And The Agent.",1PFSZ,2026-03-06,2026-04-24,https://www.propertypro.ng/property/3-bedroom-house-for-rent-sunnyvale-estate-lokogoma-abuja-1PFSZ,6.5,"₦6,500,000"
Decent 3Bedroom Bungalow (Self Compound),4500000,Rent,Galadimawa,Galadimawa,"By Sunnyvale, Galadimawa, Abuja Galadimawa Abuja",3,3,4,Bungalow,"Safety Tipsdo Not Make Any Inspection Fee Without Seeing The Agent And Property.Only Pay Rental Fee, Sales Fee Or Any Upfront Payment After You Verify The Landlord.Ensure You Meet The Agent In An Open Location.The Agent Does Not Represent Propertypro And Propertypro Is Not Liable For Any Monetary Transaction Between You And The Agent.",3PLUY,2026-04-22,2026-04-24,https://www.propertypro.ng/property/3-bedroom-house-for-rent-by-sunnyvale-galadimawa-abuja-galadimawa-abuja-3PLUY,4.5,"₦4,500,000"
Standard 2 Bedroom,4500000,Rent,Galadimawa,Galadimawa,Suncity Estate Galadimawa Abuja,2,2,3,House,"Safety Tipsdo Not Make Any Inspection Fee Without Seeing The Agent And Property.Only Pay Rental Fee, Sales Fee Or Any Upfront Payment After You Verify The Landlord.Ensure You Meet The Agent In An Open Location.The Agent Does Not Represent Propertypro And Propertypro Is Not Liable For Any Monetary Transaction Between You And The Agent.",5PKPR,2026-04-11,2026-04-24,https://www.propertypro.ng/property/2-bedroom-house-for-rent-suncity-estate-galadimawa-abuja-5PKPR,4.5,"₦4,500,000"
Very Standard 2 Bedroom Flat,6000000,Rent,Galadimawa,Galadimawa,Brooklyn Estate By Amsco Galadimawa Abuja,2,2,3,Flat/Apartment,"Safety Tipsdo Not Make Any Inspection Fee Without Seeing The Agent And Property.Only Pay Rental Fee, Sales Fee Or Any Upfront Payment After You Verify The Landlord.Ensure You Meet The Agent In An Open Location.The Agent Does Not Represent Propertypro And Propertypro Is Not Liable For Any Monetary Transaction Between You And The Agent.",8PKPR,2026-04-11,2026-04-24,https://www.propertypro.ng/property/2-bedroom-flat-apartment-for-rent-brooklyn-estate-by-amsco-galadimawa-abuja-8PKPR,6.0,"₦6,000,000"
2Bedroom Flat To Let Behind Suncity Estate,3500000,Rent,Galadimawa,Galadimawa,Behind Suncity Estate Galadimawa Abuja,2,3,3,Flat/Apartment,"Safety Tipsdo Not Make Any Inspection Fee Without Seeing The Agent And Property.Only Pay Rental Fee, Sales Fee Or Any Upfront Payment After You Verify The Landlord.Ensure You Meet The Agent In An Open Location.The Agent Does Not Represent Propertypro And Propertypro Is Not Liable For Any Monetary Transaction Between You And The Agent.",5PHVX,2026-03-25,2026-04-24,https://www.propertypro.ng/property/2-bedroom-flat-apartment-for-rent-behind-suncity-estate-galadimawa-abuja-5PHVX,3.5,"₦3,500,000"
2 Bedroom Flat To Let Near Shafa Station,3000000,Rent,Galadimawa,Galadimawa,"Near Ay Shafa, Galadimawa Abuja",2,3,3,Flat/Apartment,"Safety Tipsdo Not Make Any Inspection Fee Without Seeing The Agent And Property.Only Pay Rental Fee, Sales Fee Or Any Upfront Payment After You Verify The Landlord.Ensure You Meet The Agent In An Open Location.The Agent Does Not Represent Propertypro And Propertypro Is Not Liable For Any Monetary Transaction Between You And The Agent.",5PGVW,2026-03-16,2026-04-24,https://www.propertypro.ng/property/2-bedroom-flat-apartment-for-rent-near-ay-shafa-galadimawa-abuja-5PGVW,3.0,"₦3,000,000"
Newly Built 4 Bedroom Terrace Duplex With Bq,10000000,Rent,Galadimawa,Galadimawa,By Galadimawa Roundabout Galadimawa Abuja,4,5,5,Terraced Duplex,"Safety Tipsdo Not Make Any Inspection Fee Without Seeing The Agent And Property.Only Pay Rental Fee, Sales Fee Or Any Upfront Payment After You Verify The Landlord.Ensure You Meet The Agent In An Open Location.The Agent Does Not Represent Propertypro And Propertypro Is Not Liable For Any Monetary Transaction Between You And The Agent.",4NRBR,2025-10-10,2026-04-24,https://www.propertypro.ng/property/4-bedroom-house-for-rent-by-galadimawa-roundabout-galadimawa-abuja-4NRBR,10.0,"₦10,000,000"
4 Bedroom Duplex,8500000,Rent,Galadimawa,Galadimawa,Galadimawa Abuja,4,4,4,Detached Duplex,"Safety Tipsdo Not Make Any Inspection Fee Without Seeing The Agent And Property.Only Pay Rental Fee, Sales Fee Or Any Upfront Payment After You Verify The Landlord.Ensure You Meet The Agent In An Open Location.The Agent Does Not Represent Propertypro And Propertypro Is Not Liable For Any Monetary Transaction Between You And The Agent.",0PFDA,2026-03-02,2026-04-24,https://www.propertypro.ng/property/4-bedroom-house-for-rent-galadimawa-abuja-0PFDA,8.5,"₦8,500,000"
Brand New 6 Bedrm Fully Detached Duplex Galadimawa,10000000,Rent,Galadimawa,Galadimawa,Estate In Galadimawa Galadimawa Abuja,6,6,4,Detached Duplex,"Safety Tipsdo Not Make Any Inspection Fee Without Seeing The Agent And Property.Only Pay Rental Fee, Sales Fee Or Any Upfront Payment After You Verify The Landlord.Ensure You Meet The Agent In An Open Location.The Agent Does Not Represent Propertypro And Propertypro Is Not Liable For Any Monetary Transaction Between You And The Agent.",1PKHN,2026-04-09,2026-04-24,https://www.propertypro.ng/property/6-bedroom-house-for-rent-estate-in-galadimawa-galadimawa-abuja-1PKHN,10.0,"₦10,000,000"
3 Bedroom Bungalow,6500000,Rent,Galadimawa,Galadimawa,Galadimawa Abuja,3,3,4,Bungalow,"Safety Tipsdo Not Make Any Inspection Fee Without Seeing The Agent And Property.Only Pay Rental Fee, Sales Fee Or Any Upfront Payment After You Verify The Landlord.Ensure You Meet The Agent In An Open Location.The Agent Does Not Represent Propertypro And Propertypro Is Not Liable For Any Monetary Transaction Between You And The Agent.",5PFUY,2026-03-07,2026-04-24,https://www.propertypro.ng/property/3-bedroom-house-for-rent-galadimawa-abuja-5PFUY,6.5,"₦6,500,000"
Fully Detached 4Bedroom Duplex ( Tarred Road ),9000000,Rent,Galadimawa,Galadimawa,"Galadimawa, Abuja Galadimawa Abuja",4,5,5,Detached Duplex,"Safety Tipsdo Not Make Any Inspection Fee Without Seeing The Agent And Property.Only Pay Rental Fee, Sales Fee Or Any Upfront Payment After You Verify The Landlord.Ensure You Meet The Agent In An Open Location.The Agent Does Not Represent Propertypro And Propertypro Is Not Liable For Any Monetary Transaction Between You And The Agent.",0PHHD,2026-03-20,2026-04-24,https://www.propertypro.ng/property/4-bedroom-house-for-rent-galadimawa-abuja-galadimawa-abuja-0PHHD,9.0,"₦9,000,000"
4 Bedroom Duplex,6000000,Rent,Galadimawa,Galadimawa,Galadimawa Abuja,4,4,5,Detached Duplex,"Safety Tipsdo Not Make Any Inspection Fee Without Seeing The Agent And Property.Only Pay Rental Fee, Sales Fee Or Any Upfront Payment After You Verify The Landlord.Ensure You Meet The Agent In An Open Location.The Agent Does Not Represent Propertypro And Propertypro Is Not Liable For Any Monetary Transaction Between You And The Agent.",7PGQC,2026-03-13,2026-04-24,https://www.propertypro.ng/property/4-bedroom-house-for-rent-galadimawa-abuja-7PGQC,6.0,"₦6,000,000"
2 Bedroom Flat,6000000,Rent,Galadimawa,Galadimawa,Galadimawa Galadimawa Abuja,2,2,3,Flat/Apartment,"Safety Tipsdo Not Make Any Inspection Fee Without Seeing The Agent And Property.Only Pay Rental Fee, Sales Fee Or Any Upfront Payment After You Verify The Landlord.Ensure You Meet The Agent In An Open Location.The Agent Does Not Represent Propertypro And Propertypro Is Not Liable For Any Monetary Transaction Between You And The Agent.",4PKNE,2026-04-10,2026-04-23,https://www.propertypro.ng/property/2-bedroom-flat-apartment-for-rent-galadimawa-galadimawa-abuja-4PKNE,6.0,"₦6,000,000"
2 Bedroom Flat,4000000,Rent,Galadimawa,Galadimawa,"Galadimawa, Estate Behind Sun City Galadimawa Abuja",2,3,4,Flat/Apartment,"Safety Tipsdo Not Make Any Inspection Fee Without Seeing The Agent And Property.Only Pay Rental Fee, Sales Fee Or Any Upfront Payment After You Verify The Landlord.Ensure You Meet The Agent In An Open Location.The Agent Does Not Represent Propertypro And Propertypro Is Not Liable For Any Monetary Transaction Between You And The Agent.",1PGDD,2026-03-10,2026-04-23,https://www.propertypro.ng/property/2-bedroom-flat-apartment-for-rent-galadimawa-estate-behind-sun-city-galadimawa-abuja-1PGDD,4.0,"₦4,000,000"
3 Bedroom Flat,6000000,Rent,Galadimawa,Galadimawa,Galadimawa Galadimawa Abuja,3,3,4,Flat/Apartment,"Safety Tipsdo Not Make Any Inspection Fee Without Seeing The Agent And Property.Only Pay Rental Fee, Sales Fee Or Any Upfront Payment After You Verify The Landlord.Ensure You Meet The Agent In An Open Location.The Agent Does Not Represent Propertypro And Propertypro Is Not Liable For Any Monetary Transaction Between You And The Agent.",2PJXK,2026-04-04,2026-04-23,https://www.propertypro.ng/property/3-bedroom-flat-apartment-for-rent-galadimawa-galadimawa-abuja-2PJXK,6.0,"₦6,000,000"
3 Bedroom Flat To Let In An Estate Near Suncity,6000000,Rent,Galadimawa,Galadimawa,Near Ay Shafa Filling Station Galadimawa Abuja,3,4,4,Flat/Apartment,"Safety Tipsdo Not Make Any Inspection Fee Without Seeing The Agent And Property.Only Pay Rental Fee, Sales Fee Or Any Upfront Payment After You Verify The Landlord.Ensure You Meet The Agent In An Open Location.The Agent Does Not Represent Propertypro And Propertypro Is Not Liable For Any Monetary Transaction Between You And The Agent.",4PFRT,2026-03-06,2026-04-24,https://www.propertypro.ng/property/3-bedroom-flat-apartment-for-rent-near-ay-shafa-filling-station-galadimawa-abuja-4PFRT,6.0,"₦6,000,000"
New 2 Bedroom Flat To Let After Shafa Station,3000000,Rent,Galadimawa,Galadimawa,Near Aa Rano Filling Station Galadimawa Abuja,2,3,3,Flat/Apartment,"Safety Tipsdo Not Make Any Inspection Fee Without Seeing The Agent And Property.Only Pay Rental Fee, Sales Fee Or Any Upfront Payment After You Verify The Landlord.Ensure You Meet The Agent In An Open Location.The Agent Does Not Represent Propertypro And Propertypro Is Not Liable For Any Monetary Transaction Between You And The Agent.",4PGLV,2026-03-12,2026-04-24,https://www.propertypro.ng/property/2-bedroom-flat-apartment-for-rent-near-aa-rano-filling-station-galadimawa-abuja-4PGLV,3.0,"₦3,000,000"
1Bedroom Flat With 2 Toilets To Let Near Shafa Station,2000000,Rent,Galadimawa,Galadimawa,Near Shafa Station Galadimawa Abuja,1,2,2,Flat/Apartment,"Safety Tipsdo Not Make Any Inspection Fee Without Seeing The Agent And Property.Only Pay Rental Fee, Sales Fee Or Any Upfront Payment After You Verify The Landlord.Ensure You Meet The Agent In An Open Location.The Agent Does Not Represent Propertypro And Propertypro Is Not Liable For Any Monetary Transaction Between You And The Agent.",7PJWE,2026-04-03,2026-04-24,https://www.propertypro.ng/property/1-bedroom-flat-apartment-for-rent-near-shafa-station-galadimawa-abuja-7PJWE,2.0,"₦2,000,000"
For Rent 3Bedroom Semi Detach Bungalow Penthouse,6000000,Rent,Galadimawa,Galadimawa,Galadimawa District In An Estate. Abuja Nigeria. Galadimawa Abuja,3,3,4,Bungalow,"Safety Tipsdo Not Make Any Inspection Fee Without Seeing The Agent And Property.Only Pay Rental Fee, Sales Fee Or Any Upfront Payment After You Verify The Landlord.Ensure You Meet The Agent In An Open Location.The Agent Does Not Represent Propertypro And Propertypro Is Not Liable For Any Monetary Transaction Between You And The Agent.",1PKRQ,2026-04-11,2026-04-24,https://www.propertypro.ng/property/3-bedroom-house-for-rent-galadimawa-district-in-an-estate-abuja-nigeria-galadimawa-abuja-1PKRQ,6.0,"₦6,000,000"
Newly Built 4 Bedroom Semi Detached Duplex,6500000,Rent,Kubwa,Kubwa,Kubwa Abuja,4,3,3,Semi-Detached Duplex,"Safety Tipsdo Not Make Any Inspection Fee Without Seeing The Agent And Property.Only Pay Rental Fee, Sales Fee Or Any Upfront Payment After You Verify The Landlord.Ensure You Meet The Agent In An Open Location.The Agent Does Not Represent Propertypro And Propertypro Is Not Liable For Any Monetary Transaction Between You And The Agent.",2NXEY,2025-12-11,2026-04-22,https://www.propertypro.ng/property/4-bedroom-house-for-rent-kubwa-abuja-2NXEY,6.5,"₦6,500,000"
Newly Built 1 Bedroom Apartment,4500000,Rent,Kubwa,Kubwa,"Kubwa, Abuja Kubwa Abuja",2,3,3,Flat/Apartment,"Safety Tipsdo Not Make Any Inspection Fee Without Seeing The Agent And Property.Only Pay Rental Fee, Sales Fee Or Any Upfront Payment After You Verify The Landlord.Ensure You Meet The Agent In An Open Location.The Agent Does Not Represent Propertypro And Propertypro Is Not Liable For Any Monetary Transaction Between You And The Agent.",6PKTH,2026-04-12,2026-04-24,https://www.propertypro.ng/property/2-bedroom-flat-apartment-for-rent-kubwa-abuja-kubwa-abuja-6PKTH,4.5,"₦4,500,000"
Newly Built 2 Bedroom Semi Detached Duplex,4500000,Rent,Kubwa,Kubwa,Kubwa Abuja,2,3,3,Semi-Detached Duplex,"Safety Tipsdo Not Make Any Inspection Fee Without Seeing The Agent And Property.Only Pay Rental Fee, Sales Fee Or Any Upfront Payment After You Verify The Landlord.Ensure You Meet The Agent In An Open Location.The Agent Does Not Represent Propertypro And Propertypro Is Not Liable For Any Monetary Transaction Between You And The Agent.",2PEBY,2026-02-21,2026-04-24,https://www.propertypro.ng/property/2-bedroom-house-for-rent-kubwa-abuja-2PEBY,4.5,"₦4,500,000"
Standard 2 Bedroom Flat,3000000,Rent,Kubwa,Kubwa,Fcda Kubwa Abuja,2,3,3,Flat/Apartment,"Safety Tipsdo Not Make Any Inspection Fee Without Seeing The Agent And Property.Only Pay Rental Fee, Sales Fee Or Any Upfront Payment After You Verify The Landlord.Ensure You Meet The Agent In An Open Location.The Agent Does Not Represent Propertypro And Propertypro Is Not Liable For Any Monetary Transaction Between You And The Agent.",3PKCT,2026-04-07,2026-04-24,https://www.propertypro.ng/property/2-bedroom-flat-apartment-for-rent-fcda-kubwa-abuja-3PKCT,3.0,"₦3,000,000"
Newly Built 2 Bedroom Flat,3000000,Rent,Kubwa,Kubwa,"F14 District , Phase 4 Kubwa Abuja",2,3,3,Flat/Apartment,"Safety Tipsdo Not Make Any Inspection Fee Without Seeing The Agent And Property.Only Pay Rental Fee, Sales Fee Or Any Upfront Payment After You Verify The Landlord.Ensure You Meet The Agent In An Open Location.The Agent Does Not Represent Propertypro And Propertypro Is Not Liable For Any Monetary Transaction Between You And The Agent.",8PHFE,2026-03-19,2026-04-24,https://www.propertypro.ng/property/2-bedroom-flat-apartment-for-rent-f14-district-phase-4-kubwa-abuja-8PHFE,3.0,"₦3,000,000"
2 Bedroom Flat,2800000,Rent,Kubwa,Kubwa,"Phase 2 Site 2, Kubwa Abuja",2,3,3,Flat/Apartment,"Safety Tipsdo Not Make Any Inspection Fee Without Seeing The Agent And Property.Only Pay Rental Fee, Sales Fee Or Any Upfront Payment After You Verify The Landlord.Ensure You Meet The Agent In An Open Location.The Agent Does Not Represent Propertypro And Propertypro Is Not Liable For Any Monetary Transaction Between You And The Agent.",5PGVR,2026-03-16,2026-04-24,https://www.propertypro.ng/property/2-bedroom-house-for-rent-phase-2-site-2-kubwa-abuja-5PGVR,2.8,"₦2,800,000"
3 Bedroom Bungalow Inside Estate,3000000,Rent,Kubwa,Kubwa,Fcda Kubwa Abuja,3,3,3,Bungalow,"Safety Tipsdo Not Make Any Inspection Fee Without Seeing The Agent And Property.Only Pay Rental Fee, Sales Fee Or Any Upfront Payment After You Verify The Landlord.Ensure You Meet The Agent In An Open Location.The Agent Does Not Represent Propertypro And Propertypro Is Not Liable For Any Monetary Transaction Between You And The Agent.",6PKQF,2026-04-11,2026-04-24,https://www.propertypro.ng/property/3-bedroom-house-for-rent-fcda-kubwa-abuja-6PKQF,3.0,"₦3,000,000"
1 Bedroom Apartment,2000000,Rent,Kubwa,Kubwa,F14 District Kubwa Abuja,1,2,2,Flat/Apartment,"Safety Tipsdo Not Make Any Inspection Fee Without Seeing The Agent And Property.Only Pay Rental Fee, Sales Fee Or Any Upfront Payment After You Verify The Landlord.Ensure You Meet The Agent In An Open Location.The Agent Does Not Represent Propertypro And Propertypro Is Not Liable For Any Monetary Transaction Between You And The Agent.",3PHRT,2026-03-24,2026-04-24,https://www.propertypro.ng/property/1-bedroom-flat-apartment-for-rent-f14-district-kubwa-abuja-3PHRT,2.0,"₦2,000,000"
3 Bedroom Flat,3500000,Rent,Kubwa,Kubwa,Nepa Road Kubwa Abuja,3,3,3,Flat/Apartment,"Safety Tipsdo Not Make Any Inspection Fee Without Seeing The Agent And Property.Only Pay Rental Fee, Sales Fee Or Any Upfront Payment After You Verify The Landlord.Ensure You Meet The Agent In An Open Location.The Agent Does Not Represent Propertypro And Propertypro Is Not Liable For Any Monetary Transaction Between You And The Agent.",0PJPZ,2026-04-01,2026-04-24,https://www.propertypro.ng/property/3-bedroom-flat-apartment-for-rent-nepa-road-kubwa-abuja-0PJPZ,3.5,"₦3,500,000"
2 Bedroom Flat,3000000,Rent,Kubwa,Kubwa,F14 District Kubwa Abuja,2,2,2,Flat/Apartment,"Safety Tipsdo Not Make Any Inspection Fee Without Seeing The Agent And Property.Only Pay Rental Fee, Sales Fee Or Any Upfront Payment After You Verify The Landlord.Ensure You Meet The Agent In An Open Location.The Agent Does Not Represent Propertypro And Propertypro Is Not Liable For Any Monetary Transaction Between You And The Agent.",0PLEG,2026-04-16,2026-04-24,https://www.propertypro.ng/property/2-bedroom-flat-apartment-for-rent-f14-district-kubwa-abuja-0PLEG,3.0,"₦3,000,000"
2 Bedroom Apartment,2500000,Rent,Kubwa,Kubwa,F14 District Kubwa Abuja,2,2,2,Flat/Apartment,"Safety Tipsdo Not Make Any Inspection Fee Without Seeing The Agent And Property.Only Pay Rental Fee, Sales Fee Or Any Upfront Payment After You Verify The Landlord.Ensure You Meet The Agent In An Open Location.The Agent Does Not Represent Propertypro And Propertypro Is Not Liable For Any Monetary Transaction Between You And The Agent.",7PHRY,2026-03-24,2026-04-24,https://www.propertypro.ng/property/2-bedroom-flat-apartment-for-rent-f14-district-kubwa-abuja-7PHRY,2.5,"₦2,500,000"
3 Bedroom Bungalow,3000000,Rent,Kubwa,Kubwa,Fcda Kubwa Abuja,3,3,3,Bungalow,"Safety Tipsdo Not Make Any Inspection Fee Without Seeing The Agent And Property.Only Pay Rental Fee, Sales Fee Or Any Upfront Payment After You Verify The Landlord.Ensure You Meet The Agent In An Open Location.The Agent Does Not Represent Propertypro And Propertypro Is Not Liable For Any Monetary Transaction Between You And The Agent.",8PKQF,2026-04-11,2026-04-24,https://www.propertypro.ng/property/3-bedroom-house-for-rent-fcda-kubwa-abuja-8PKQF,3.0,"₦3,000,000"
Newly Built 2 Bedroom Flat,3500000,Rent,Kubwa,Kubwa,F14 District Close To Dantata Estate Kubwa Abuja,2,3,3,Flat/Apartment,"Safety Tipsdo Not Make Any Inspection Fee Without Seeing The Agent And Property.Only Pay Rental Fee, Sales Fee Or Any Upfront Payment After You Verify The Landlord.Ensure You Meet The Agent In An Open Location.The Agent Does Not Represent Propertypro And Propertypro Is Not Liable For Any Monetary Transaction Between You And The Agent.",8PHEP,2026-03-19,2026-04-24,https://www.propertypro.ng/property/2-bedroom-flat-apartment-for-rent-f14-district-close-to-dantata-estate-kubwa-abuja-8PHEP,3.5,"₦3,500,000"
Newly Built 2 Bedroom Terrace Duplex,4500000,Rent,Kubwa,Kubwa,"Phase 4, F14 District Kubwa Abuja",2,3,3,Terraced Duplex,"Safety Tipsdo Not Make Any Inspection Fee Without Seeing The Agent And Property.Only Pay Rental Fee, Sales Fee Or Any Upfront Payment After You Verify The Landlord.Ensure You Meet The Agent In An Open Location.The Agent Does Not Represent Propertypro And Propertypro Is Not Liable For Any Monetary Transaction Between You And The Agent.",8PLDG,2026-04-16,2026-04-24,https://www.propertypro.ng/property/2-bedroom-house-for-rent-phase-4-f14-district-kubwa-abuja-8PLDG,4.5,"₦4,500,000"
Newly Built 5 Bedroom Duplex,160000000,Rent,Kubwa,Kubwa,Military Pension Board Fo1 Layout Kubwa Abuja,5,3,3,Detached Duplex,"Safety Tipsdo Not Make Any Inspection Fee Without Seeing The Agent And Property.Only Pay Rental Fee, Sales Fee Or Any Upfront Payment After You Verify The Landlord.Ensure You Meet The Agent In An Open Location.The Agent Does Not Represent Propertypro And Propertypro Is Not Liable For Any Monetary Transaction Between You And The Agent.",6PGCP,2026-03-10,2026-04-24,https://www.propertypro.ng/property/5-bedroom-house-for-rent-military-pension-board-fo1-layout-kubwa-abuja-6PGCP,160.0,"₦160,000,000"
2 Bedroom Apartment,4500000,Rent,Dawaki,Dawaki,Dawaki Abuja,2,2,3,Flat/Apartment,"Safety Tipsdo Not Make Any Inspection Fee Without Seeing The Agent And Property.Only Pay Rental Fee, Sales Fee Or Any Upfront Payment After You Verify The Landlord.Ensure You Meet The Agent In An Open Location.The Agent Does Not Represent Propertypro And Propertypro Is Not Liable For Any Monetary Transaction Between You And The Agent.",3PGCG,2026-03-10,2026-04-24,https://www.propertypro.ng/property/2-bedroom-house-for-rent-dawaki-abuja-3PGCG,4.5,"₦4,500,000"
4 Bedroom Bungalow,6000000,Rent,Dawaki,Dawaki,Dawaki Abuja,4,4,4,Bungalow,"Safety Tipsdo Not Make Any Inspection Fee Without Seeing The Agent And Property.Only Pay Rental Fee, Sales Fee Or Any Upfront Payment After You Verify The Landlord.Ensure You Meet The Agent In An Open Location.The Agent Does Not Represent Propertypro And Propertypro Is Not Liable For Any Monetary Transaction Between You And The Agent.",1PGCF,2026-03-10,2026-04-24,https://www.propertypro.ng/property/4-bedroom-house-for-rent-dawaki-abuja-1PGCF,6.0,"₦6,000,000"
2 Bedroom Flat,3000000,Rent,Dawaki,Dawaki,"Dawaki By News Engineering, Dawaki, Abuja Dawaki Abuja",2,2,2,Flat/Apartment,"Safety Tipsdo Not Make Any Inspection Fee Without Seeing The Agent And Property.Only Pay Rental Fee, Sales Fee Or Any Upfront Payment After You Verify The Landlord.Ensure You Meet The Agent In An Open Location.The Agent Does Not Represent Propertypro And Propertypro Is Not Liable For Any Monetary Transaction Between You And The Agent.",7PHDF,2026-03-18,2026-04-24,https://www.propertypro.ng/property/2-bedroom-flat-apartment-for-rent-dawaki-by-news-engineering-dawaki-abuja-dawaki-abuja-7PHDF,3.0,"₦3,000,000"
Newly Built 3Bedroom Flat,5500000,Rent,Dawaki,Dawaki,"Dawaki News Engineering, Dawaki, Abuja Dawaki Abuja",3,3,4,Flat/Apartment,"Safety Tipsdo Not Make Any Inspection Fee Without Seeing The Agent And Property.Only Pay Rental Fee, Sales Fee Or Any Upfront Payment After You Verify The Landlord.Ensure You Meet The Agent In An Open Location.The Agent Does Not Represent Propertypro And Propertypro Is Not Liable For Any Monetary Transaction Between You And The Agent.",3PLLS,2026-04-18,2026-04-24,https://www.propertypro.ng/property/3-bedroom-flat-apartment-for-rent-dawaki-news-engineering-dawaki-abuja-dawaki-abuja-3PLLS,5.5,"₦5,500,000"
Newly Built 2Bedroom Flat (Tarred Road),4000000,Rent,Dawaki,Dawaki,"Dawaki By News Engineering, Dawaki, Abuja Dawaki Abuja",2,2,3,Flat/Apartment,"Safety Tipsdo Not Make Any Inspection Fee Without Seeing The Agent And Property.Only Pay Rental Fee, Sales Fee Or Any Upfront Payment After You Verify The Landlord.Ensure You Meet The Agent In An Open Location.The Agent Does Not Represent Propertypro And Propertypro Is Not Liable For Any Monetary Transaction Between You And The Agent.",1PLVW,2026-04-22,2026-04-24,https://www.propertypro.ng/property/2-bedroom-flat-apartment-for-rent-dawaki-by-news-engineering-dawaki-abuja-dawaki-abuja-1PLVW,4.0,"₦4,000,000"
Self Contain,1100000,Rent,Dawaki,Dawaki,"Dawaki Extension, Dawaki, Abuja Dawaki Abuja",1,1,1,Flat/Apartment,"Safety Tipsdo Not Make Any Inspection Fee Without Seeing The Agent And Property.Only Pay Rental Fee, Sales Fee Or Any Upfront Payment After You Verify The Landlord.Ensure You Meet The Agent In An Open Location.The Agent Does Not Represent Propertypro And Propertypro Is Not Liable For Any Monetary Transaction Between You And The Agent.",2PKMJ,2026-04-10,2026-04-24,https://www.propertypro.ng/property/1-bedroom-flat-apartment-for-rent-dawaki-extension-dawaki-abuja-dawaki-abuja-2PKMJ,1.1,"₦1,100,000"
Newly Built 2 Bedroom Flat,4000000,Rent,Dawaki,Dawaki,"By Modern Market, Dawaki Abuja",2,2,3,Flat/Apartment,"Safety Tipsdo Not Make Any Inspection Fee Without Seeing The Agent And Property.Only Pay Rental Fee, Sales Fee Or Any Upfront Payment After You Verify The Landlord.Ensure You Meet The Agent In An Open Location.The Agent Does Not Represent Propertypro And Propertypro Is Not Liable For Any Monetary Transaction Between You And The Agent.",0PFAT,2026-03-01,2026-04-24,https://www.propertypro.ng/property/2-bedroom-flat-apartment-for-rent-by-modern-market-dawaki-abuja-0PFAT,4.0,"₦4,000,000"
2 Bedroom Flat,5000000,Rent,Dawaki,Dawaki,"By News Engineering Dawaki, Abuja Dawaki Abuja",2,2,3,Flat/Apartment,"Safety Tipsdo Not Make Any Inspection Fee Without Seeing The Agent And Property.Only Pay Rental Fee, Sales Fee Or Any Upfront Payment After You Verify The Landlord.Ensure You Meet The Agent In An Open Location.The Agent Does Not Represent Propertypro And Propertypro Is Not Liable For Any Monetary Transaction Between You And The Agent.",2PDZU,2026-02-20,2026-04-24,https://www.propertypro.ng/property/2-bedroom-flat-apartment-for-rent-by-news-engineering-dawaki-abuja-dawaki-abuja-2PDZU,5.0,"₦5,000,000"
2 Bedroom Flat,4000000,Rent,Dawaki,Dawaki,"Dawaki By News Engineering, Dawaki, Abuja Dawaki Abuja",2,2,3,Flat/Apartment,"Safety Tipsdo Not Make Any Inspection Fee Without Seeing The Agent And Property.Only Pay Rental Fee, Sales Fee Or Any Upfront Payment After You Verify The Landlord.Ensure You Meet The Agent In An Open Location.The Agent Does Not Represent Propertypro And Propertypro Is Not Liable For Any Monetary Transaction Between You And The Agent.",2PFCY,2026-03-02,2026-04-24,https://www.propertypro.ng/property/2-bedroom-flat-apartment-for-rent-dawaki-by-news-engineering-dawaki-abuja-dawaki-abuja-2PFCY,4.0,"₦4,000,000"
2 Bedroom Flat,4500000,Rent,Dawaki,Dawaki,"By News Engineering, Dawaki Abuja",2,2,2,Flat/Apartment,"Safety Tipsdo Not Make Any Inspection Fee Without Seeing The Agent And Property.Only Pay Rental Fee, Sales Fee Or Any Upfront Payment After You Verify The Landlord.Ensure You Meet The Agent In An Open Location.The Agent Does Not Represent Propertypro And Propertypro Is Not Liable For Any Monetary Transaction Between You And The Agent.",0PHEB,2026-03-19,2026-04-24,https://www.propertypro.ng/property/2-bedroom-flat-apartment-for-rent-by-news-engineering-dawaki-abuja-0PHEB,4.5,"₦4,500,000"
Decent 2 Bedroom Flat,4000000,Rent,Dawaki,Dawaki,"News Engineering, Dawaki Abuja",2,2,3,Flat/Apartment,"Safety Tipsdo Not Make Any Inspection Fee Without Seeing The Agent And Property.Only Pay Rental Fee, Sales Fee Or Any Upfront Payment After You Verify The Landlord.Ensure You Meet The Agent In An Open Location.The Agent Does Not Represent Propertypro And Propertypro Is Not Liable For Any Monetary Transaction Between You And The Agent.",2PEDH,2026-02-22,2026-04-24,https://www.propertypro.ng/property/2-bedroom-flat-apartment-for-rent-news-engineering-dawaki-abuja-2PEDH,4.0,"₦4,000,000"
3 Bedroom Flat,4500000,Rent,Dawaki,Dawaki,Dawaki Abuja Dawaki Abuja,3,3,4,Flat/Apartment,"Safety Tipsdo Not Make Any Inspection Fee Without Seeing The Agent And Property.Only Pay Rental Fee, Sales Fee Or Any Upfront Payment After You Verify The Landlord.Ensure You Meet The Agent In An Open Location.The Agent Does Not Represent Propertypro And Propertypro Is Not Liable For Any Monetary Transaction Between You And The Agent.",3PFTY,2026-03-06,2026-04-24,https://www.propertypro.ng/property/3-bedroom-flat-apartment-for-rent-dawaki-abuja-dawaki-abuja-3PFTY,4.5,"₦4,500,000"
Brand New 3 Bedroom Apartment,4500000,Rent,Dawaki,Dawaki,Dawaki Abuja,3,4,4,Flat/Apartment,"Safety Tipsdo Not Make Any Inspection Fee Without Seeing The Agent And Property.Only Pay Rental Fee, Sales Fee Or Any Upfront Payment After You Verify The Landlord.Ensure You Meet The Agent In An Open Location.The Agent Does Not Represent Propertypro And Propertypro Is Not Liable For Any Monetary Transaction Between You And The Agent.",5PKWP,2026-04-13,2026-04-23,https://www.propertypro.ng/property/3-bedroom-flat-apartment-for-rent-dawaki-abuja-5PKWP,4.5,"₦4,500,000"
Beautiful 2 Bedroom Flat,4000000,Rent,Dawaki,Dawaki,News Engineering Dawaki Abuja,2,2,3,Flat/Apartment,"Safety Tipsdo Not Make Any Inspection Fee Without Seeing The Agent And Property.Only Pay Rental Fee, Sales Fee Or Any Upfront Payment After You Verify The Landlord.Ensure You Meet The Agent In An Open Location.The Agent Does Not Represent Propertypro And Propertypro Is Not Liable For Any Monetary Transaction Between You And The Agent.",3PJJT,2026-03-31,2026-04-24,https://www.propertypro.ng/property/2-bedroom-flat-apartment-for-rent-news-engineering-dawaki-abuja-3PJJT,4.0,"₦4,000,000"
2 Bedroom Flat Ensuite,4500000,Rent,Dawaki,Dawaki,By News Engineering Dawaki Abuja,2,3,3,Flat/Apartment,"Safety Tipsdo Not Make Any Inspection Fee Without Seeing The Agent And Property.Only Pay Rental Fee, Sales Fee Or Any Upfront Payment After You Verify The Landlord.Ensure You Meet The Agent In An Open Location.The Agent Does Not Represent Propertypro And Propertypro Is Not Liable For Any Monetary Transaction Between You And The Agent.",9PJQJ,2026-04-01,2026-04-24,https://www.propertypro.ng/property/2-bedroom-house-for-rent-by-news-engineering-dawaki-abuja-9PJQJ,4.5,"₦4,500,000"
2 Bedroom Apartment,3500000,Rent,Dawaki,Dawaki,Dawaki Abuja,2,3,3,Flat/Apartment,"Safety Tipsdo Not Make Any Inspection Fee Without Seeing The Agent And Property.Only Pay Rental Fee, Sales Fee Or Any Upfront Payment After You Verify The Landlord.Ensure You Meet The Agent In An Open Location.The Agent Does Not Represent Propertypro And Propertypro Is Not Liable For Any Monetary Transaction Between You And The Agent.",8PEXQ,2026-02-27,2026-04-24,https://www.propertypro.ng/property/2-bedroom-flat-apartment-for-rent-dawaki-abuja-8PEXQ,3.5,"₦3,500,000"
5 Bedroom Duplex,20000000,Rent,Dawaki,Dawaki,Dawaki Abuja,5,6,6,Detached Duplex,"Safety Tipsdo Not Make Any Inspection Fee Without Seeing The Agent And Property.Only Pay Rental Fee, Sales Fee Or Any Upfront Payment After You Verify The Landlord.Ensure You Meet The Agent In An Open Location.The Agent Does Not Represent Propertypro And Propertypro Is Not Liable For Any Monetary Transaction Between You And The Agent.",6PFQH,2026-03-05,2026-04-24,https://www.propertypro.ng/property/5-bedroom-house-for-rent-dawaki-abuja-6PFQH,20.0,"₦20,000,000"
Newly Built 5 Bedroom Terrace Duplex,20000000,Rent,Dawaki,Dawaki,Dawaki Abuja,5,6,6,Terraced Duplex,"Safety Tipsdo Not Make Any Inspection Fee Without Seeing The Agent And Property.Only Pay Rental Fee, Sales Fee Or Any Upfront Payment After You Verify The Landlord.Ensure You Meet The Agent In An Open Location.The Agent Does Not Represent Propertypro And Propertypro Is Not Liable For Any Monetary Transaction Between You And The Agent.",9PFRH,2026-03-05,2026-04-24,https://www.propertypro.ng/property/5-bedroom-house-for-rent-dawaki-abuja-9PFRH,20.0,"₦20,000,000"
4Bedroom Duplex With Bq And 3 Sitting Rooms,20000000,Rent,Guzape,Guzape,"Guzape, Abuja Guzape Abuja",4,4,5,Detached Duplex,"Safety Tipsdo Not Make Any Inspection Fee Without Seeing The Agent And Property.Only Pay Rental Fee, Sales Fee Or Any Upfront Payment After You Verify The Landlord.Ensure You Meet The Agent In An Open Location.The Agent Does Not Represent Propertypro And Propertypro Is Not Liable For Any Monetary Transaction Between You And The Agent.",8PMGP,2026-04-26,2026-04-26,https://www.propertypro.ng/property/4-bedroom-house-for-rent-guzape-abuja-guzape-abuja-8PMGP,20.0,"₦20,000,000"
Fully Furnished 4 Bedroom Terrace Duplex With 1Room Bq,25000000,Rent,Guzape,Guzape,Guzape District Abuja Diplomatic Zone Guzape Abuja,4,5,5,Terraced Duplex,"Safety Tipsdo Not Make Any Inspection Fee Without Seeing The Agent And Property.Only Pay Rental Fee, Sales Fee Or Any Upfront Payment After You Verify The Landlord.Ensure You Meet The Agent In An Open Location.The Agent Does Not Represent Propertypro And Propertypro Is Not Liable For Any Monetary Transaction Between You And The Agent.",0PLMJ,2026-04-19,2026-04-24,https://www.propertypro.ng/property/4-bedroom-house-for-rent-guzape-district-abuja-diplomatic-zone-guzape-abuja-0PLMJ,25.0,"₦25,000,000"
Brand New 4 Bedroom Terrace Duplex With 1Room,30000000,Rent,Guzape,Guzape,Guzape District Abuja Diplomatic Zone Guzape Abuja,4,5,5,Terraced Duplex,"Safety Tipsdo Not Make Any Inspection Fee Without Seeing The Agent And Property.Only Pay Rental Fee, Sales Fee Or Any Upfront Payment After You Verify The Landlord.Ensure You Meet The Agent In An Open Location.The Agent Does Not Represent Propertypro And Propertypro Is Not Liable For Any Monetary Transaction Between You And The Agent.",3PLMJ,2026-04-19,2026-04-24,https://www.propertypro.ng/property/4-bedroom-house-for-rent-guzape-district-abuja-diplomatic-zone-guzape-abuja-3PLMJ,30.0,"₦30,000,000"
3 Bedroom Apartment,10000000,Rent,Guzape,Guzape,After Coza Guzape Abuja,3,3,4,Flat/Apartment,"Safety Tipsdo Not Make Any Inspection Fee Without Seeing The Agent And Property.Only Pay Rental Fee, Sales Fee Or Any Upfront Payment After You Verify The Landlord.Ensure You Meet The Agent In An Open Location.The Agent Does Not Represent Propertypro And Propertypro Is Not Liable For Any Monetary Transaction Between You And The Agent.",2PECG,2026-02-21,2026-04-24,https://www.propertypro.ng/property/3-bedroom-house-for-rent-after-coza-guzape-abuja-2PECG,10.0,"₦10,000,000"
2 Bedroom Flat,5000000,Rent,Guzape,Guzape,Guzape Guzape Abuja,2,2,5,Flat/Apartment,"Safety Tipsdo Not Make Any Inspection Fee Without Seeing The Agent And Property.Only Pay Rental Fee, Sales Fee Or Any Upfront Payment After You Verify The Landlord.Ensure You Meet The Agent In An Open Location.The Agent Does Not Represent Propertypro And Propertypro Is Not Liable For Any Monetary Transaction Between You And The Agent.",3PMEV,2026-04-25,,https://www.propertypro.ng/property/2-bedroom-flat-apartment-for-rent-guzape-guzape-abuja-3PMEV,5.0,"₦5,000,000"
4 Bedroom Terrace Duplex With Bq,17000000,Rent,Guzape,Guzape,Guzape Abuja,4,4,5,Terraced Duplex,"Safety Tipsdo Not Make Any Inspection Fee Without Seeing The Agent And Property.Only Pay Rental Fee, Sales Fee Or Any Upfront Payment After You Verify The Landlord.Ensure You Meet The Agent In An Open Location.The Agent Does Not Represent Propertypro And Propertypro Is Not Liable For Any Monetary Transaction Between You And The Agent.",8NVAZ,2025-11-19,2026-04-24,https://www.propertypro.ng/property/4-bedroom-house-for-rent-guzape-abuja-8NVAZ,17.0,"₦17,000,000"
Newly Built 4 Bedroom Duplex,12000000,Rent,Guzape,Guzape,Guzape Abuja,4,4,5,Detached Duplex,"Safety Tipsdo Not Make Any Inspection Fee Without Seeing The Agent And Property.Only Pay Rental Fee, Sales Fee Or Any Upfront Payment After You Verify The Landlord.Ensure You Meet The Agent In An Open Location.The Agent Does Not Represent Propertypro And Propertypro Is Not Liable For Any Monetary Transaction Between You And The Agent.",1NRLR,2025-10-14,2026-04-24,https://www.propertypro.ng/property/4-bedroom-house-for-rent-guzape-abuja-1NRLR,12.0,"₦12,000,000"
4 Bedroom Duplex,16000000,Rent,Guzape,Guzape,Guzape Main Guzape Abuja,4,5,5,Detached Duplex,"Safety Tipsdo Not Make Any Inspection Fee Without Seeing The Agent And Property.Only Pay Rental Fee, Sales Fee Or Any Upfront Payment After You Verify The Landlord.Ensure You Meet The Agent In An Open Location.The Agent Does Not Represent Propertypro And Propertypro Is Not Liable For Any Monetary Transaction Between You And The Agent.",3PFUH,2026-03-06,2026-04-24,https://www.propertypro.ng/property/4-bedroom-house-for-rent-guzape-main-guzape-abuja-3PFUH,16.0,"₦16,000,000"
Newly Built 4 Bedroom Duplex,15000000,Rent,Guzape,Guzape,Guzape Main Guzape Abuja,4,5,5,Detached Duplex,"Safety Tipsdo Not Make Any Inspection Fee Without Seeing The Agent And Property.Only Pay Rental Fee, Sales Fee Or Any Upfront Payment After You Verify The Landlord.Ensure You Meet The Agent In An Open Location.The Agent Does Not Represent Propertypro And Propertypro Is Not Liable For Any Monetary Transaction Between You And The Agent.",8PFUH,2026-03-06,2026-04-24,https://www.propertypro.ng/property/4-bedroom-house-for-rent-guzape-main-guzape-abuja-8PFUH,15.0,"₦15,000,000"
4 Bedrom Duplex,40000000,Rent,Guzape,Guzape,Guzape Main Guzape Abuja,4,5,5,Detached Duplex,"Safety Tipsdo Not Make Any Inspection Fee Without Seeing The Agent And Property.Only Pay Rental Fee, Sales Fee Or Any Upfront Payment After You Verify The Landlord.Ensure You Meet The Agent In An Open Location.The Agent Does Not Represent Propertypro And Propertypro Is Not Liable For Any Monetary Transaction Between You And The Agent.",0PFUH,2026-03-06,2026-04-24,https://www.propertypro.ng/property/4-bedroom-house-for-rent-guzape-main-guzape-abuja-0PFUH,40.0,"₦40,000,000"
4 Bedroom Terrace Duplex,15000000,Rent,Guzape,Guzape,Guzape By Hmedix Guzape Abuja,4,5,5,Terraced Duplex,"Safety Tipsdo Not Make Any Inspection Fee Without Seeing The Agent And Property.Only Pay Rental Fee, Sales Fee Or Any Upfront Payment After You Verify The Landlord.Ensure You Meet The Agent In An Open Location.The Agent Does Not Represent Propertypro And Propertypro Is Not Liable For Any Monetary Transaction Between You And The Agent.",2PFUG,2026-03-06,2026-04-24,https://www.propertypro.ng/property/4-bedroom-house-for-rent-guzape-by-hmedix-guzape-abuja-2PFUG,15.0,"₦15,000,000"
Furnished 4 Bedroom Terraced Duplex,35000000,Rent,Guzape,Guzape,Guzape Main Guzape Abuja,4,5,5,Terraced Duplex,"Safety Tipsdo Not Make Any Inspection Fee Without Seeing The Agent And Property.Only Pay Rental Fee, Sales Fee Or Any Upfront Payment After You Verify The Landlord.Ensure You Meet The Agent In An Open Location.The Agent Does Not Represent Propertypro And Propertypro Is Not Liable For Any Monetary Transaction Between You And The Agent.",7PHNR,2026-03-23,2026-04-24,https://www.propertypro.ng/property/4-bedroom-house-for-rent-guzape-main-guzape-abuja-7PHNR,35.0,"₦35,000,000"
Newly Built 4 Bedroom Terrace Duplex+Bq,15000000,Rent,Guzape,Guzape,Guzape Guzape Abuja,4,4,5,Terraced Duplex,"Safety Tipsdo Not Make Any Inspection Fee Without Seeing The Agent And Property.Only Pay Rental Fee, Sales Fee Or Any Upfront Payment After You Verify The Landlord.Ensure You Meet The Agent In An Open Location.The Agent Does Not Represent Propertypro And Propertypro Is Not Liable For Any Monetary Transaction Between You And The Agent.",3PMBV,2026-04-24,2026-04-24,https://www.propertypro.ng/property/4-bedroom-house-for-rent-guzape-guzape-abuja-3PMBV,15.0,"₦15,000,000"
Newly Built 2 Bedroom Flat,7000000,Rent,Guzape,Guzape,Fha/Enl Estate Guzape Guzape Abuja,2,2,5,Flat/Apartment,"Safety Tipsdo Not Make Any Inspection Fee Without Seeing The Agent And Property.Only Pay Rental Fee, Sales Fee Or Any Upfront Payment After You Verify The Landlord.Ensure You Meet The Agent In An Open Location.The Agent Does Not Represent Propertypro And Propertypro Is Not Liable For Any Monetary Transaction Between You And The Agent.",6PJZY,2026-04-06,2026-04-24,https://www.propertypro.ng/property/2-bedroom-flat-apartment-for-rent-fha-enl-estate-guzape-guzape-abuja-6PJZY,7.0,"₦7,000,000"
Furnished 4 Bedroom Terrace Duplex+Bq,20000000,Rent,Guzape,Guzape,Guzape Guzape Abuja,4,4,5,Terraced Duplex,"Safety Tipsdo Not Make Any Inspection Fee Without Seeing The Agent And Property.Only Pay Rental Fee, Sales Fee Or Any Upfront Payment After You Verify The Landlord.Ensure You Meet The Agent In An Open Location.The Agent Does Not Represent Propertypro And Propertypro Is Not Liable For Any Monetary Transaction Between You And The Agent.",3PLUP,2026-04-22,2026-04-24,https://www.propertypro.ng/property/4-bedroom-house-for-rent-guzape-guzape-abuja-3PLUP,20.0,"₦20,000,000"
Perfectly Finished 4 Bedroom Terrace Duplex,19000000,Rent,Guzape,Guzape,Guzape Guzape Abuja,4,4,5,Terraced Duplex,"Safety Tipsdo Not Make Any Inspection Fee Without Seeing The Agent And Property.Only Pay Rental Fee, Sales Fee Or Any Upfront Payment After You Verify The Landlord.Ensure You Meet The Agent In An Open Location.The Agent Does Not Represent Propertypro And Propertypro Is Not Liable For Any Monetary Transaction Between You And The Agent.",9PLAK,2026-04-15,2026-04-24,https://www.propertypro.ng/property/4-bedroom-house-for-rent-guzape-guzape-abuja-9PLAK,19.0,"₦19,000,000"
Magnificent 4 Bedroom Terrace Duplex+Bq,15000000,Rent,Guzape,Guzape,Guzape Guzape Abuja,4,4,5,Terraced Duplex,"Safety Tipsdo Not Make Any Inspection Fee Without Seeing The Agent And Property.Only Pay Rental Fee, Sales Fee Or Any Upfront Payment After You Verify The Landlord.Ensure You Meet The Agent In An Open Location.The Agent Does Not Represent Propertypro And Propertypro Is Not Liable For Any Monetary Transaction Between You And The Agent.",3PKLR,2026-04-10,2026-04-24,https://www.propertypro.ng/property/4-bedroom-house-for-rent-guzape-guzape-abuja-3PKLR,15.0,"₦15,000,000"
Magnificent 4 Bedroom Semi Detached Duplex+ Bq,30000000,Rent,Guzape,Guzape,Guzape Guzape Abuja,4,4,5,Semi-Detached Duplex,"Safety Tipsdo Not Make Any Inspection Fee Without Seeing The Agent And Property.Only Pay Rental Fee, Sales Fee Or Any Upfront Payment After You Verify The Landlord.Ensure You Meet The Agent In An Open Location.The Agent Does Not Represent Propertypro And Propertypro Is Not Liable For Any Monetary Transaction Between You And The Agent.",0PKAF,2026-04-06,2026-04-24,https://www.propertypro.ng/property/4-bedroom-house-for-rent-guzape-guzape-abuja-0PKAF,30.0,"₦30,000,000"
Luxury Built 3 Bedroom Flat,10000000,Rent,Guzape,Guzape,Guzape Guzape Abuja,3,3,5,Flat/Apartment,"Safety Tipsdo Not Make Any Inspection Fee Without Seeing The Agent And Property.Only Pay Rental Fee, Sales Fee Or Any Upfront Payment After You Verify The Landlord.Ensure You Meet The Agent In An Open Location.The Agent Does Not Represent Propertypro And Propertypro Is Not Liable For Any Monetary Transaction Between You And The Agent.",2PLQP,2026-04-20,2026-04-24,https://www.propertypro.ng/property/3-bedroom-flat-apartment-for-rent-guzape-guzape-abuja-2PLQP,10.0,"₦10,000,000"
A Newly Furnished & Serviced 2 Bedroom Flat,15000000,Rent,Utako,Utako,Utako District Utako Abuja,2,2,3,Flat/Apartment,"Safety Tipsdo Not Make Any Inspection Fee Without Seeing The Agent And Property.Only Pay Rental Fee, Sales Fee Or Any Upfront Payment After You Verify The Landlord.Ensure You Meet The Agent In An Open Location.The Agent Does Not Represent Propertypro And Propertypro Is Not Liable For Any Monetary Transaction Between You And The Agent.",1PMJU,2026-04-27,2026-04-27,https://www.propertypro.ng/property/2-bedroom-flat-apartment-for-rent-utako-district-utako-abuja-1PMJU,15.0,"₦15,000,000"
A Very Good Spacious 2 Bedroom Flat,10000000,Rent,Utako,Utako,Utako District Abuja. Utako Abuja,2,2,3,Flat/Apartment,"Safety Tipsdo Not Make Any Inspection Fee Without Seeing The Agent And Property.Only Pay Rental Fee, Sales Fee Or Any Upfront Payment After You Verify The Landlord.Ensure You Meet The Agent In An Open Location.The Agent Does Not Represent Propertypro And Propertypro Is Not Liable For Any Monetary Transaction Between You And The Agent.",2PJRC,2026-04-02,2026-04-24,https://www.propertypro.ng/property/2-bedroom-flat-apartment-for-rent-utako-district-abuja-utako-abuja-2PJRC,10.0,"₦10,000,000"
A Well Built 4 Bedroom Semi Detached Duplex + 1Bq,13000000,Rent,Utako,Utako,Utako District Abuja. Utako Abuja,4,4,5,Semi-Detached Duplex,"Safety Tipsdo Not Make Any Inspection Fee Without Seeing The Agent And Property.Only Pay Rental Fee, Sales Fee Or Any Upfront Payment After You Verify The Landlord.Ensure You Meet The Agent In An Open Location.The Agent Does Not Represent Propertypro And Propertypro Is Not Liable For Any Monetary Transaction Between You And The Agent.",1PLXW,2026-04-23,2026-04-24,https://www.propertypro.ng/property/4-bedroom-house-for-rent-utako-district-abuja-utako-abuja-1PLXW,13.0,"₦13,000,000"
Service 2 Bedroom Apartment,8000000,Rent,Utako,Utako,Utako Abuja,2,3,3,Flat/Apartment,"Safety Tipsdo Not Make Any Inspection Fee Without Seeing The Agent And Property.Only Pay Rental Fee, Sales Fee Or Any Upfront Payment After You Verify The Landlord.Ensure You Meet The Agent In An Open Location.The Agent Does Not Represent Propertypro And Propertypro Is Not Liable For Any Monetary Transaction Between You And The Agent.",4PGWE,2026-03-16,2026-04-24,https://www.propertypro.ng/property/2-bedroom-flat-apartment-for-rent-utako-abuja-4PGWE,8.0,"₦8,000,000"
Self Contain,2300000,Rent,Utako,Utako,"Utako, Abuja Utako Abuja",1,1,1,Flat/Apartment,"Safety Tipsdo Not Make Any Inspection Fee Without Seeing The Agent And Property.Only Pay Rental Fee, Sales Fee Or Any Upfront Payment After You Verify The Landlord.Ensure You Meet The Agent In An Open Location.The Agent Does Not Represent Propertypro And Propertypro Is Not Liable For Any Monetary Transaction Between You And The Agent.",0PGYS,2026-03-17,2026-04-24,https://www.propertypro.ng/property/1-bedroom-flat-apartment-for-rent-utako-abuja-utako-abuja-0PGYS,2.3,"₦2,300,000"
Massive 4Bedroom Duplex With Room Bq,12000000,Rent,Utako,Utako,"Utako By Wuye, Utako, Abuja Utako Abuja",4,4,5,Detached Duplex,"Safety Tipsdo Not Make Any Inspection Fee Without Seeing The Agent And Property.Only Pay Rental Fee, Sales Fee Or Any Upfront Payment After You Verify The Landlord.Ensure You Meet The Agent In An Open Location.The Agent Does Not Represent Propertypro And Propertypro Is Not Liable For Any Monetary Transaction Between You And The Agent.",6PLFT,2026-04-17,2026-04-24,https://www.propertypro.ng/property/4-bedroom-house-for-rent-utako-by-wuye-utako-abuja-utako-abuja-6PLFT,12.0,"₦12,000,000"
3 Bedroom Terrace Duplex With Bq,12000000,Rent,Utako,Utako,Utako Abuja,3,3,4,Terraced Duplex,"Safety Tipsdo Not Make Any Inspection Fee Without Seeing The Agent And Property.Only Pay Rental Fee, Sales Fee Or Any Upfront Payment After You Verify The Landlord.Ensure You Meet The Agent In An Open Location.The Agent Does Not Represent Propertypro And Propertypro Is Not Liable For Any Monetary Transaction Between You And The Agent.",1PJNS,2026-04-01,2026-04-24,https://www.propertypro.ng/property/3-bedroom-house-for-rent-utako-abuja-1PJNS,12.0,"₦12,000,000"
3 Bedroom Flat,6000000,Rent,Utako,Utako,Utako Abuja,3,4,4,Flat/Apartment,"Safety Tipsdo Not Make Any Inspection Fee Without Seeing The Agent And Property.Only Pay Rental Fee, Sales Fee Or Any Upfront Payment After You Verify The Landlord.Ensure You Meet The Agent In An Open Location.The Agent Does Not Represent Propertypro And Propertypro Is Not Liable For Any Monetary Transaction Between You And The Agent.",7PHSH,2026-03-24,2026-04-23,https://www.propertypro.ng/property/3-bedroom-flat-apartment-for-rent-utako-abuja-7PHSH,6.0,"₦6,000,000"
4Bedroom Duplex With Bq,12000000,Rent,Utako,Utako,"Utako Close To Wuye, Utako, Abuja Utako Abuja",4,4,5,Detached Duplex,"Safety Tipsdo Not Make Any Inspection Fee Without Seeing The Agent And Property.Only Pay Rental Fee, Sales Fee Or Any Upfront Payment After You Verify The Landlord.Ensure You Meet The Agent In An Open Location.The Agent Does Not Represent Propertypro And Propertypro Is Not Liable For Any Monetary Transaction Between You And The Agent.",0PLKF,2026-04-18,2026-04-24,https://www.propertypro.ng/property/4-bedroom-house-for-rent-utako-close-to-wuye-utako-abuja-utako-abuja-0PLKF,12.0,"₦12,000,000"
4Bedroom Duplex With Bq ( Self Compound ),12000000,Rent,Utako,Utako,"Utako By Wuye, Utako, Abuja Utako Abuja",4,4,5,Detached Duplex,"Safety Tipsdo Not Make Any Inspection Fee Without Seeing The Agent And Property.Only Pay Rental Fee, Sales Fee Or Any Upfront Payment After You Verify The Landlord.Ensure You Meet The Agent In An Open Location.The Agent Does Not Represent Propertypro And Propertypro Is Not Liable For Any Monetary Transaction Between You And The Agent.",1PLFC,2026-04-16,2026-04-24,https://www.propertypro.ng/property/4-bedroom-house-for-rent-utako-by-wuye-utako-abuja-utako-abuja-1PLFC,12.0,"₦12,000,000"
Big Room Self Contained,2000000,Rent,Utako,Utako,Utako Abuja,1,1,1,Flat/Apartment,"Safety Tipsdo Not Make Any Inspection Fee Without Seeing The Agent And Property.Only Pay Rental Fee, Sales Fee Or Any Upfront Payment After You Verify The Landlord.Ensure You Meet The Agent In An Open Location.The Agent Does Not Represent Propertypro And Propertypro Is Not Liable For Any Monetary Transaction Between You And The Agent.",4PHXT,2026-03-26,2026-04-24,https://www.propertypro.ng/property/1-bedroom-flat-apartment-for-rent-utako-abuja-4PHXT,2.0,"₦2,000,000"
4 Bedroom Terrace Duplex + 1Bq,18000000,Rent,Utako,Utako,Utako Abuja. (Video Of House Is Attached) Utako Abuja,4,4,5,Terraced Duplex,"Safety Tipsdo Not Make Any Inspection Fee Without Seeing The Agent And Property.Only Pay Rental Fee, Sales Fee Or Any Upfront Payment After You Verify The Landlord.Ensure You Meet The Agent In An Open Location.The Agent Does Not Represent Propertypro And Propertypro Is Not Liable For Any Monetary Transaction Between You And The Agent.",6NRJA,2025-10-13,2026-04-23,https://www.propertypro.ng/property/4-bedroom-house-for-rent-utako-abuja-video-of-house-is-attached-utako-abuja-6NRJA,18.0,"₦18,000,000"
3Bedroom Semi Detached Duplex For Rent In Utako,10000000,Rent,Utako,Utako,Utako District Utako Abuja,3,4,4,Semi-Detached Duplex,"Safety Tipsdo Not Make Any Inspection Fee Without Seeing The Agent And Property.Only Pay Rental Fee, Sales Fee Or Any Upfront Payment After You Verify The Landlord.Ensure You Meet The Agent In An Open Location.The Agent Does Not Represent Propertypro And Propertypro Is Not Liable For Any Monetary Transaction Between You And The Agent.",9PLEH,2026-04-16,2026-04-23,https://www.propertypro.ng/property/3-bedroom-house-for-rent-utako-district-utako-abuja-9PLEH,10.0,"₦10,000,000"
