title,price_ngn,listing_type,area,neighbourhood,address,bedrooms,bathrooms,toilets,property_type,description,pid,date_added,last_updated,source_url,price_million_ngn,price_formatted
3 Bedroom Flat,750000000,Sale,Maitama,Maitama,Maitama Maitama Abuja,3,3,4,Flat/Apartment,"Safety Tipsdo Not Make Any Inspection Fee Without Seeing The Agent And Property.Only Pay Rental Fee, Sales Fee Or Any Upfront Payment After You Verify The Landlord.Ensure You Meet The Agent In An Open Location.The Agent Does Not Represent Propertypro And Propertypro Is Not Liable For Any Monetary Transaction Between You And The Agent.",6NWGS,2025-12-02,2026-04-24,https://www.propertypro.ng/property/3-bedroom-house-for-sale-maitama-maitama-abuja-6NWGS,750.0,"₦750,000,000"
4 Bedroom Terraced Duplex,900000000,Sale,Maitama,Maitama,Off Amazon Maitama Abuja,4,4,5,Terraced Duplex,"Safety Tipsdo Not Make Any Inspection Fee Without Seeing The Agent And Property.Only Pay Rental Fee, Sales Fee Or Any Upfront Payment After You Verify The Landlord.Ensure You Meet The Agent In An Open Location.The Agent Does Not Represent Propertypro And Propertypro Is Not Liable For Any Monetary Transaction Between You And The Agent.",2PBBH,2026-01-25,2026-04-24,https://www.propertypro.ng/property/4-bedroom-house-for-sale-off-amazon-maitama-abuja-2PBBH,900.0,"₦900,000,000"
4 Bedroom Flat,600000000,Sale,Maitama,Maitama,Tarred Road Maitama Abuja,5,5,6,Flat/Apartment,"Safety Tipsdo Not Make Any Inspection Fee Without Seeing The Agent And Property.Only Pay Rental Fee, Sales Fee Or Any Upfront Payment After You Verify The Landlord.Ensure You Meet The Agent In An Open Location.The Agent Does Not Represent Propertypro And Propertypro Is Not Liable For Any Monetary Transaction Between You And The Agent.",2NKFW,2025-08-18,2026-04-24,https://www.propertypro.ng/property/5-bedroom-house-for-sale-tarred-road-maitama-abuja-2NKFW,600.0,"₦600,000,000"
4 Bedroom Fully Detached Duplex With Bq,750000000,Sale,Maitama,Maitama,Maitama Abuja,4,4,5,Detached Duplex,"Safety Tipsdo Not Make Any Inspection Fee Without Seeing The Agent And Property.Only Pay Rental Fee, Sales Fee Or Any Upfront Payment After You Verify The Landlord.Ensure You Meet The Agent In An Open Location.The Agent Does Not Represent Propertypro And Propertypro Is Not Liable For Any Monetary Transaction Between You And The Agent.",2NXHG,2025-12-12,2026-04-24,https://www.propertypro.ng/property/4-bedroom-house-for-sale-maitama-abuja-2NXHG,750.0,"₦750,000,000"
Unfinished 5 Bedroom Detached Duplex With Bq,750000000,Sale,Asokoro,Asokoro,"Naf Valley Estate, Asokoro Abuja",5,5,6,Detached Duplex,"Safety Tipsdo Not Make Any Inspection Fee Without Seeing The Agent And Property.Only Pay Rental Fee, Sales Fee Or Any Upfront Payment After You Verify The Landlord.Ensure You Meet The Agent In An Open Location.The Agent Does Not Represent Propertypro And Propertypro Is Not Liable For Any Monetary Transaction Between You And The Agent.",6PBYS,2026-02-03,2026-04-24,https://www.propertypro.ng/property/5-bedroom-house-for-sale-naf-valley-estate-asokoro-abuja-6PBYS,750.0,"₦750,000,000"
Semi Finished 4 Bedroom Duplex With A Bq,250000000,Sale,Asokoro,Asokoro,Admiralty Estate Asokoro Abuja,4,4,5,Semi-Detached Duplex,"Safety Tipsdo Not Make Any Inspection Fee Without Seeing The Agent And Property.Only Pay Rental Fee, Sales Fee Or Any Upfront Payment After You Verify The Landlord.Ensure You Meet The Agent In An Open Location.The Agent Does Not Represent Propertypro And Propertypro Is Not Liable For Any Monetary Transaction Between You And The Agent.",5NKCY,2025-08-16,2026-04-24,https://www.propertypro.ng/property/4-bedroom-house-for-sale-admiralty-estate-asokoro-abuja-5NKCY,250.0,"₦250,000,000"
Newly Built 4 Bedroom Duplex,350000000,Sale,Asokoro,Asokoro,Asokoro Main Asokoro Abuja,4,4,5,Detached Duplex,"Safety Tipsdo Not Make Any Inspection Fee Without Seeing The Agent And Property.Only Pay Rental Fee, Sales Fee Or Any Upfront Payment After You Verify The Landlord.Ensure You Meet The Agent In An Open Location.The Agent Does Not Represent Propertypro And Propertypro Is Not Liable For Any Monetary Transaction Between You And The Agent.",1NTZV,2025-11-08,2026-04-24,https://www.propertypro.ng/property/4-bedroom-house-for-sale-asokoro-main-asokoro-abuja-1NTZV,350.0,"₦350,000,000"
4 Bedroom Terrace Duplex With Bq,900000000,Sale,Asokoro,Asokoro,Asokoro Abuja,4,4,4,Terraced Duplex,"Safety Tipsdo Not Make Any Inspection Fee Without Seeing The Agent And Property.Only Pay Rental Fee, Sales Fee Or Any Upfront Payment After You Verify The Landlord.Ensure You Meet The Agent In An Open Location.The Agent Does Not Represent Propertypro And Propertypro Is Not Liable For Any Monetary Transaction Between You And The Agent.",3PBJA,2026-01-28,2026-04-24,https://www.propertypro.ng/property/4-bedroom-flat-apartment-for-sale-asokoro-abuja-3PBJA,900.0,"₦900,000,000"
Luxurious 5 Bedroom Semi Detached Duplex Bq,750000000,Sale,Wuse-2,Wuse,"Close To Rock View Hotel, Wuse 2 Abuja",5,5,6,Semi-Detached Duplex,"Safety Tipsdo Not Make Any Inspection Fee Without Seeing The Agent And Property.Only Pay Rental Fee, Sales Fee Or Any Upfront Payment After You Verify The Landlord.Ensure You Meet The Agent In An Open Location.The Agent Does Not Represent Propertypro And Propertypro Is Not Liable For Any Monetary Transaction Between You And The Agent.",9NTEV,2025-10-30,2026-04-24,https://www.propertypro.ng/property/5-bedroom-house-for-sale-close-to-rock-view-hotel-wuse-2-abuja-9NTEV,750.0,"₦750,000,000"
5 Bedroom Terrace Duplex With Bq,550000000,Sale,Wuse-2,Wuse,Off Ademola Adetokumbo Wuse 2 Abuja,5,5,6,Terraced Duplex,"Safety Tipsdo Not Make Any Inspection Fee Without Seeing The Agent And Property.Only Pay Rental Fee, Sales Fee Or Any Upfront Payment After You Verify The Landlord.Ensure You Meet The Agent In An Open Location.The Agent Does Not Represent Propertypro And Propertypro Is Not Liable For Any Monetary Transaction Between You And The Agent.",5NBUZ,2025-06-13,2026-04-24,https://www.propertypro.ng/property/5-bedroom-house-for-sale-off-ademola-adetokumbo-wuse-2-abuja-5NBUZ,550.0,"₦550,000,000"
5 Bedroom Detached Duplex With Bq,850000000,Sale,Wuse-2,Wuse,Wuse 2 Abuja,5,5,5,Detached Duplex,"Safety Tipsdo Not Make Any Inspection Fee Without Seeing The Agent And Property.Only Pay Rental Fee, Sales Fee Or Any Upfront Payment After You Verify The Landlord.Ensure You Meet The Agent In An Open Location.The Agent Does Not Represent Propertypro And Propertypro Is Not Liable For Any Monetary Transaction Between You And The Agent.",4PEHD,2026-02-23,2026-04-24,https://www.propertypro.ng/property/5-bedroom-house-for-sale-wuse-2-abuja-4PEHD,850.0,"₦850,000,000"
2 Bedroom Luxury Apartment,250000000,Sale,Wuse-2,Wuse,Wuse 2 Abuja,2,2,5,Flat/Apartment,"Safety Tipsdo Not Make Any Inspection Fee Without Seeing The Agent And Property.Only Pay Rental Fee, Sales Fee Or Any Upfront Payment After You Verify The Landlord.Ensure You Meet The Agent In An Open Location.The Agent Does Not Represent Propertypro And Propertypro Is Not Liable For Any Monetary Transaction Between You And The Agent.",9PCWQ,2026-02-11,2026-04-24,https://www.propertypro.ng/property/2-bedroom-flat-apartment-for-sale-wuse-2-abuja-9PCWQ,250.0,"₦250,000,000"
7 Bedroom Terrace Duplex,800000000,Sale,Wuse-2,Wuse,Wuse 2 Abuja,7,7,5,Terraced Duplex,"Safety Tipsdo Not Make Any Inspection Fee Without Seeing The Agent And Property.Only Pay Rental Fee, Sales Fee Or Any Upfront Payment After You Verify The Landlord.Ensure You Meet The Agent In An Open Location.The Agent Does Not Represent Propertypro And Propertypro Is Not Liable For Any Monetary Transaction Between You And The Agent.",1PFDC,2026-03-02,2026-04-24,https://www.propertypro.ng/property/7-bedroom-house-for-sale-wuse-2-abuja-1PFDC,800.0,"₦800,000,000"
4 Bedroom Semi Detached Duplex With Bq,950000000,Sale,Wuse-2,Wuse,Wuse 2 Abuja,4,4,5,Semi-Detached Duplex,"Safety Tipsdo Not Make Any Inspection Fee Without Seeing The Agent And Property.Only Pay Rental Fee, Sales Fee Or Any Upfront Payment After You Verify The Landlord.Ensure You Meet The Agent In An Open Location.The Agent Does Not Represent Propertypro And Propertypro Is Not Liable For Any Monetary Transaction Between You And The Agent.",5NZMT,2026-01-12,2026-04-24,https://www.propertypro.ng/property/4-bedroom-house-for-sale-wuse-2-abuja-5NZMT,950.0,"₦950,000,000"
4 Bedroom Semi Detached Duplex With Bq,850000000,Sale,Wuse-2,Wuse,Wuse 2 Abuja,4,4,5,Semi-Detached Duplex,"Safety Tipsdo Not Make Any Inspection Fee Without Seeing The Agent And Property.Only Pay Rental Fee, Sales Fee Or Any Upfront Payment After You Verify The Landlord.Ensure You Meet The Agent In An Open Location.The Agent Does Not Represent Propertypro And Propertypro Is Not Liable For Any Monetary Transaction Between You And The Agent.",7PBDJ,2026-01-26,2026-04-24,https://www.propertypro.ng/property/4-bedroom-house-for-sale-wuse-2-abuja-7PBDJ,850.0,"₦850,000,000"
Newly Built 4 Bedroom Terrace Duplex With Bq,150000000,Sale,Gwarinpa,Gwarinpa,Gwarinpa Abuja,4,4,5,Terraced Duplex,"Safety Tipsdo Not Make Any Inspection Fee Without Seeing The Agent And Property.Only Pay Rental Fee, Sales Fee Or Any Upfront Payment After You Verify The Landlord.Ensure You Meet The Agent In An Open Location.The Agent Does Not Represent Propertypro And Propertypro Is Not Liable For Any Monetary Transaction Between You And The Agent.",0PDPE,2026-02-17,2026-04-24,https://www.propertypro.ng/property/4-bedroom-house-for-sale-gwarinpa-abuja-0PDPE,150.0,"₦150,000,000"
2 Bedroom Flat,350000000,Sale,Gwarinpa,Gwarinpa,Gwarinpa Abuja,2,3,3,Flat/Apartment,"Safety Tipsdo Not Make Any Inspection Fee Without Seeing The Agent And Property.Only Pay Rental Fee, Sales Fee Or Any Upfront Payment After You Verify The Landlord.Ensure You Meet The Agent In An Open Location.The Agent Does Not Represent Propertypro And Propertypro Is Not Liable For Any Monetary Transaction Between You And The Agent.",2PBRE,2026-01-30,2026-04-24,https://www.propertypro.ng/property/2-bedroom-house-for-sale-gwarinpa-abuja-2PBRE,350.0,"₦350,000,000"
4 Bedroom Detached Duplex,365000000,Sale,Gwarinpa,Gwarinpa,Gwarimpa In A Serene And Secured Estate Gwarinpa Abuja,4,4,5,Detached Duplex,"Safety Tipsdo Not Make Any Inspection Fee Without Seeing The Agent And Property.Only Pay Rental Fee, Sales Fee Or Any Upfront Payment After You Verify The Landlord.Ensure You Meet The Agent In An Open Location.The Agent Does Not Represent Propertypro And Propertypro Is Not Liable For Any Monetary Transaction Between You And The Agent.",2PFFK,2026-03-02,2026-04-24,https://www.propertypro.ng/property/4-bedroom-house-for-sale-gwarimpa-in-a-serene-and-secured-estate-gwarinpa-abuja-2PFFK,365.0,"₦365,000,000"
4 Bedroom Terrace With Bq,210000000,Sale,Gwarinpa,Gwarinpa,Gwarimpa Gwarinpa Abuja,4,4,5,House,"Safety Tipsdo Not Make Any Inspection Fee Without Seeing The Agent And Property.Only Pay Rental Fee, Sales Fee Or Any Upfront Payment After You Verify The Landlord.Ensure You Meet The Agent In An Open Location.The Agent Does Not Represent Propertypro And Propertypro Is Not Liable For Any Monetary Transaction Between You And The Agent.",9PDQX,2026-02-18,2026-04-24,https://www.propertypro.ng/property/4-bedroom-house-for-sale-gwarimpa-gwarinpa-abuja-9PDQX,210.0,"₦210,000,000"
Newly Built 3 Bedroom Duplex,150000000,Sale,Gwarinpa,Gwarinpa,News Engineering Dawaki Gwarinpa Abuja,3,3,4,Detached Duplex,"Safety Tipsdo Not Make Any Inspection Fee Without Seeing The Agent And Property.Only Pay Rental Fee, Sales Fee Or Any Upfront Payment After You Verify The Landlord.Ensure You Meet The Agent In An Open Location.The Agent Does Not Represent Propertypro And Propertypro Is Not Liable For Any Monetary Transaction Between You And The Agent.",1PGNH,2026-03-13,2026-04-24,https://www.propertypro.ng/property/3-bedroom-house-for-sale-news-engineering-dawaki-gwarinpa-abuja-1PGNH,150.0,"₦150,000,000"
Newly Built 5 Bedroom Terrace Duplex With Bq,250000000,Sale,Gwarinpa,Gwarinpa,Trans Engineering Dawaki Gwarinpa Abuja,5,5,6,Terraced Duplex,"Safety Tipsdo Not Make Any Inspection Fee Without Seeing The Agent And Property.Only Pay Rental Fee, Sales Fee Or Any Upfront Payment After You Verify The Landlord.Ensure You Meet The Agent In An Open Location.The Agent Does Not Represent Propertypro And Propertypro Is Not Liable For Any Monetary Transaction Between You And The Agent.",8PFBF,2026-03-01,2026-04-24,https://www.propertypro.ng/property/5-bedroom-house-for-sale-trans-engineering-dawaki-gwarinpa-abuja-8PFBF,250.0,"₦250,000,000"
Fully Furnished 6 Bedrooms With Bq,300000000,Sale,Gwarinpa,Gwarinpa,Dantata Estate Gwarinpa Abuja,6,6,7,House,"Safety Tipsdo Not Make Any Inspection Fee Without Seeing The Agent And Property.Only Pay Rental Fee, Sales Fee Or Any Upfront Payment After You Verify The Landlord.Ensure You Meet The Agent In An Open Location.The Agent Does Not Represent Propertypro And Propertypro Is Not Liable For Any Monetary Transaction Between You And The Agent.",0PJLL,2026-03-31,2026-04-24,https://www.propertypro.ng/property/6-bedroom-house-for-sale-dantata-estate-gwarinpa-abuja-0PJLL,300.0,"₦300,000,000"
4 Bedroom Terrace Duplex With Bq,280000000,Sale,Gwarinpa,Gwarinpa,Main Gwarinpa Abuja,4,4,5,Terraced Duplex,"Safety Tipsdo Not Make Any Inspection Fee Without Seeing The Agent And Property.Only Pay Rental Fee, Sales Fee Or Any Upfront Payment After You Verify The Landlord.Ensure You Meet The Agent In An Open Location.The Agent Does Not Represent Propertypro And Propertypro Is Not Liable For Any Monetary Transaction Between You And The Agent.",2PFCA,2026-03-01,2026-04-24,https://www.propertypro.ng/property/4-bedroom-house-for-sale-main-gwarinpa-abuja-2PFCA,280.0,"₦280,000,000"
"7Bedroom Detached Duplex, Bq & Swimming Pool",550000000,Sale,Gwarinpa,Gwarinpa,Main Gwarinpa Abuja,7,7,8,Detached Duplex,"Safety Tipsdo Not Make Any Inspection Fee Without Seeing The Agent And Property.Only Pay Rental Fee, Sales Fee Or Any Upfront Payment After You Verify The Landlord.Ensure You Meet The Agent In An Open Location.The Agent Does Not Represent Propertypro And Propertypro Is Not Liable For Any Monetary Transaction Between You And The Agent.",4PKJA,2026-04-09,2026-04-24,https://www.propertypro.ng/property/7-bedroom-house-for-sale-main-gwarinpa-abuja-4PKJA,550.0,"₦550,000,000"
5 Bedroom Detached Duplex With Bq,400000000,Sale,Gwarinpa,Gwarinpa,Main Gwarinpa Abuja,5,5,6,Detached Duplex,"Safety Tipsdo Not Make Any Inspection Fee Without Seeing The Agent And Property.Only Pay Rental Fee, Sales Fee Or Any Upfront Payment After You Verify The Landlord.Ensure You Meet The Agent In An Open Location.The Agent Does Not Represent Propertypro And Propertypro Is Not Liable For Any Monetary Transaction Between You And The Agent.",8PBEN,2026-01-26,2026-04-24,https://www.propertypro.ng/property/5-bedroom-house-for-sale-main-gwarinpa-abuja-8PBEN,400.0,"₦400,000,000"
Luxurious 5 Bedroom Terraced Duplex With Bq,250000000,Sale,Gwarinpa,Gwarinpa,Main Gwarinpa Abuja,5,5,6,Terraced Duplex,"Safety Tipsdo Not Make Any Inspection Fee Without Seeing The Agent And Property.Only Pay Rental Fee, Sales Fee Or Any Upfront Payment After You Verify The Landlord.Ensure You Meet The Agent In An Open Location.The Agent Does Not Represent Propertypro And Propertypro Is Not Liable For Any Monetary Transaction Between You And The Agent.",9NZZR,2026-01-16,2026-04-24,https://www.propertypro.ng/property/5-bedroom-house-for-sale-main-gwarinpa-abuja-9NZZR,250.0,"₦250,000,000"
Distress 3 Bedrooms Flat Ensuite,65000000,Sale,Gwarinpa,Gwarinpa,Dawaki Opposite Gwarinpa Gwarinpa Abuja,3,4,4,Flat/Apartment,"Safety Tipsdo Not Make Any Inspection Fee Without Seeing The Agent And Property.Only Pay Rental Fee, Sales Fee Or Any Upfront Payment After You Verify The Landlord.Ensure You Meet The Agent In An Open Location.The Agent Does Not Represent Propertypro And Propertypro Is Not Liable For Any Monetary Transaction Between You And The Agent.",4PMFZ,2026-04-25,2026-04-25,https://www.propertypro.ng/property/3-bedroom-house-for-sale-dawaki-opposite-gwarinpa-gwarinpa-abuja-4PMFZ,65.0,"₦65,000,000"
Newly Built 4 Bedroom Terraced Duplex With Bq,200000000,Sale,Gwarinpa,Gwarinpa,Gwarimpa 6Avenue Gwarinpa Abuja,4,4,5,Terraced Duplex,"Safety Tipsdo Not Make Any Inspection Fee Without Seeing The Agent And Property.Only Pay Rental Fee, Sales Fee Or Any Upfront Payment After You Verify The Landlord.Ensure You Meet The Agent In An Open Location.The Agent Does Not Represent Propertypro And Propertypro Is Not Liable For Any Monetary Transaction Between You And The Agent.",7NSPU,2025-10-24,2026-04-24,https://www.propertypro.ng/property/4-bedroom-house-for-sale-gwarimpa-6avenue-gwarinpa-abuja-7NSPU,200.0,"₦200,000,000"
7 Bedroom Detached Duplex With Penthouse,600000000,Sale,Gwarinpa,Gwarinpa,In An Estate At Gwarinpa Extension Gwarinpa Abuja,7,7,8,Detached Duplex,"Safety Tipsdo Not Make Any Inspection Fee Without Seeing The Agent And Property.Only Pay Rental Fee, Sales Fee Or Any Upfront Payment After You Verify The Landlord.Ensure You Meet The Agent In An Open Location.The Agent Does Not Represent Propertypro And Propertypro Is Not Liable For Any Monetary Transaction Between You And The Agent.",1NLUX,2025-08-31,2026-04-24,https://www.propertypro.ng/property/7-bedroom-house-for-sale-in-an-estate-at-gwarinpa-extension-gwarinpa-abuja-1NLUX,600.0,"₦600,000,000"
Newly Built 3 Bedroom Bungalow,155000000,Sale,Gwarinpa,Gwarinpa,Efab Verizon Estate Gwarinpa Abuja,3,3,4,Bungalow,"Safety Tipsdo Not Make Any Inspection Fee Without Seeing The Agent And Property.Only Pay Rental Fee, Sales Fee Or Any Upfront Payment After You Verify The Landlord.Ensure You Meet The Agent In An Open Location.The Agent Does Not Represent Propertypro And Propertypro Is Not Liable For Any Monetary Transaction Between You And The Agent.",9NPXY,2025-09-30,2026-04-24,https://www.propertypro.ng/property/3-bedroom-house-for-sale-efab-verizon-estate-gwarinpa-abuja-9NPXY,155.0,"₦155,000,000"
3 Bedroom Semi Detached Duplex With Bq,270000000,Sale,Gwarinpa,Gwarinpa,News Engineering Dawaki Gwarinpa Abuja,3,3,4,Semi-Detached Duplex,"Safety Tipsdo Not Make Any Inspection Fee Without Seeing The Agent And Property.Only Pay Rental Fee, Sales Fee Or Any Upfront Payment After You Verify The Landlord.Ensure You Meet The Agent In An Open Location.The Agent Does Not Represent Propertypro And Propertypro Is Not Liable For Any Monetary Transaction Between You And The Agent.",3NDSC,2025-06-29,2026-04-24,https://www.propertypro.ng/property/3-bedroom-house-for-sale-news-engineering-dawaki-gwarinpa-abuja-3NDSC,270.0,"₦270,000,000"
3 Bedroom Apartment,102199875,Sale,Lugbe,Lugbe,"Airport Road, Lugbe Abuja",3,3,4,Flat/Apartment,"Safety Tipsdo Not Make Any Inspection Fee Without Seeing The Agent And Property.Only Pay Rental Fee, Sales Fee Or Any Upfront Payment After You Verify The Landlord.Ensure You Meet The Agent In An Open Location.The Agent Does Not Represent Propertypro And Propertypro Is Not Liable For Any Monetary Transaction Between You And The Agent.",2PFKA,2026-03-03,2026-04-24,https://www.propertypro.ng/property/3-bedroom-house-for-sale-airport-road-lugbe-abuja-2PFKA,102.199875,"₦102,199,875"
4 Bedroom Bungalow,170000000,Sale,Lugbe,Lugbe,Fort Royal Estate Lugbe Abuja,4,4,5,Bungalow,"Safety Tipsdo Not Make Any Inspection Fee Without Seeing The Agent And Property.Only Pay Rental Fee, Sales Fee Or Any Upfront Payment After You Verify The Landlord.Ensure You Meet The Agent In An Open Location.The Agent Does Not Represent Propertypro And Propertypro Is Not Liable For Any Monetary Transaction Between You And The Agent.",4PJBD,2026-03-27,2026-04-24,https://www.propertypro.ng/property/4-bedroom-house-for-sale-fort-royal-estate-lugbe-abuja-4PJBD,170.0,"₦170,000,000"
2 Bedroom Apartment,36508320,Sale,Lugbe,Lugbe,"Airport Road Before Centenary City, Lugbe Abuja",2,2,3,Flat/Apartment,"Safety Tipsdo Not Make Any Inspection Fee Without Seeing The Agent And Property.Only Pay Rental Fee, Sales Fee Or Any Upfront Payment After You Verify The Landlord.Ensure You Meet The Agent In An Open Location.The Agent Does Not Represent Propertypro And Propertypro Is Not Liable For Any Monetary Transaction Between You And The Agent.",6PFKE,2026-03-03,2026-04-24,https://www.propertypro.ng/property/2-bedroom-house-for-sale-airport-road-before-centenary-city-lugbe-abuja-6PFKE,36.50832,"₦36,508,320"
1 Bedroom Apartment,52080376,Sale,Lugbe,Lugbe,"Airport Road Before Centenary City, Lugbe Abuja",1,1,2,Flat/Apartment,"Safety Tipsdo Not Make Any Inspection Fee Without Seeing The Agent And Property.Only Pay Rental Fee, Sales Fee Or Any Upfront Payment After You Verify The Landlord.Ensure You Meet The Agent In An Open Location.The Agent Does Not Represent Propertypro And Propertypro Is Not Liable For Any Monetary Transaction Between You And The Agent.",0PFKF,2026-03-03,2026-04-24,https://www.propertypro.ng/property/1-bedroom-house-for-sale-airport-road-before-centenary-city-lugbe-abuja-0PFKF,52.080376,"₦52,080,376"
4 Bedroom Fully Detached Duplex || Distress Sale,130000000,Sale,Lugbe,Lugbe,Back Of Glory Dome Lugbe Abuja,4,4,5,Detached Duplex,"Safety Tipsdo Not Make Any Inspection Fee Without Seeing The Agent And Property.Only Pay Rental Fee, Sales Fee Or Any Upfront Payment After You Verify The Landlord.Ensure You Meet The Agent In An Open Location.The Agent Does Not Represent Propertypro And Propertypro Is Not Liable For Any Monetary Transaction Between You And The Agent.",2PLKK,2026-04-18,2026-04-27,https://www.propertypro.ng/property/4-bedroom-house-for-sale-back-of-glory-dome-lugbe-abuja-2PLKK,130.0,"₦130,000,000"
Newly Built & Distress 4 Bedroom Duplex,55000000,Sale,Lugbe,Lugbe,"Opposite River Park Estate, By Nut Hq Airport Road Abuja Sabon Lugbe Lugbe Abuja",4,4,5,Detached Duplex,"Safety Tipsdo Not Make Any Inspection Fee Without Seeing The Agent And Property.Only Pay Rental Fee, Sales Fee Or Any Upfront Payment After You Verify The Landlord.Ensure You Meet The Agent In An Open Location.The Agent Does Not Represent Propertypro And Propertypro Is Not Liable For Any Monetary Transaction Between You And The Agent.",7PMHP,2026-04-27,2026-04-27,https://www.propertypro.ng/property/4-bedroom-house-for-sale-opposite-river-park-estate-by-nut-hq-airport-road-abuja-sabon-lugbe-lugbe-abuja-7PMHP,55.0,"₦55,000,000"
Newly Built 3 Bedroom With A Bq,200000000,Sale,Lugbe,Lugbe,Cluster 3 River Park Estate Lugbe Abuja,3,3,4,House,"Safety Tipsdo Not Make Any Inspection Fee Without Seeing The Agent And Property.Only Pay Rental Fee, Sales Fee Or Any Upfront Payment After You Verify The Landlord.Ensure You Meet The Agent In An Open Location.The Agent Does Not Represent Propertypro And Propertypro Is Not Liable For Any Monetary Transaction Between You And The Agent.",0PMHB,2026-04-26,2026-04-26,https://www.propertypro.ng/property/3-bedroom-house-for-sale-cluster-3-river-park-estate-lugbe-abuja-0PMHB,200.0,"₦200,000,000"
Newly Built 2 Bedroom Flat,120000000,Sale,Lugbe,Lugbe,River Park Estate Lugbe Abuja,2,2,3,Flat/Apartment,"Safety Tipsdo Not Make Any Inspection Fee Without Seeing The Agent And Property.Only Pay Rental Fee, Sales Fee Or Any Upfront Payment After You Verify The Landlord.Ensure You Meet The Agent In An Open Location.The Agent Does Not Represent Propertypro And Propertypro Is Not Liable For Any Monetary Transaction Between You And The Agent.",7NTSD,2025-11-05,2026-04-24,https://www.propertypro.ng/property/2-bedroom-flat-apartment-for-sale-river-park-estate-lugbe-abuja-7NTSD,120.0,"₦120,000,000"
Newly Built 5 Bedroom With A Gate House,250000000,Sale,Lugbe,Lugbe,Sally Best Estate Lugbe Abuja,5,5,6,House,"Safety Tipsdo Not Make Any Inspection Fee Without Seeing The Agent And Property.Only Pay Rental Fee, Sales Fee Or Any Upfront Payment After You Verify The Landlord.Ensure You Meet The Agent In An Open Location.The Agent Does Not Represent Propertypro And Propertypro Is Not Liable For Any Monetary Transaction Between You And The Agent.",8NFHB,2025-07-12,2026-04-24,https://www.propertypro.ng/property/5-bedroom-house-for-sale-sally-best-estate-lugbe-abuja-8NFHB,250.0,"₦250,000,000"
Standard 3 Bedroom With A Bq,280000000,Sale,Jabi,Jabi,Jabi Abuja,3,4,5,Flat/Apartment,"Safety Tipsdo Not Make Any Inspection Fee Without Seeing The Agent And Property.Only Pay Rental Fee, Sales Fee Or Any Upfront Payment After You Verify The Landlord.Ensure You Meet The Agent In An Open Location.The Agent Does Not Represent Propertypro And Propertypro Is Not Liable For Any Monetary Transaction Between You And The Agent.",0PLDP,2026-04-16,2026-04-24,https://www.propertypro.ng/property/3-bedroom-flat-apartment-for-sale-jabi-abuja-0PLDP,280.0,"₦280,000,000"
Standard 3 Bedroom Flat,120000000,Sale,Jabi,Jabi,"Lakeview Homes, Close To Shoprite Jabi Abuja",3,3,4,Flat/Apartment,"Safety Tipsdo Not Make Any Inspection Fee Without Seeing The Agent And Property.Only Pay Rental Fee, Sales Fee Or Any Upfront Payment After You Verify The Landlord.Ensure You Meet The Agent In An Open Location.The Agent Does Not Represent Propertypro And Propertypro Is Not Liable For Any Monetary Transaction Between You And The Agent.",6PJMC,2026-03-31,2026-04-24,https://www.propertypro.ng/property/3-bedroom-flat-apartment-for-sale-lakeview-homes-close-to-shoprite-jabi-abuja-6PJMC,120.0,"₦120,000,000"
A Newly Built 4 Bedroom With A Bq,330000000,Sale,Jabi,Jabi,Jabi Abuja,4,4,5,House,"Safety Tipsdo Not Make Any Inspection Fee Without Seeing The Agent And Property.Only Pay Rental Fee, Sales Fee Or Any Upfront Payment After You Verify The Landlord.Ensure You Meet The Agent In An Open Location.The Agent Does Not Represent Propertypro And Propertypro Is Not Liable For Any Monetary Transaction Between You And The Agent.",3PJRC,2026-04-02,2026-04-24,https://www.propertypro.ng/property/4-bedroom-house-for-sale-jabi-abuja-3PJRC,330.0,"₦330,000,000"
Pre Finished 3 Bedroom Flat,85000000,Sale,Jabi,Jabi,Main Jabi Abuja,3,3,4,Flat/Apartment,"Safety Tipsdo Not Make Any Inspection Fee Without Seeing The Agent And Property.Only Pay Rental Fee, Sales Fee Or Any Upfront Payment After You Verify The Landlord.Ensure You Meet The Agent In An Open Location.The Agent Does Not Represent Propertypro And Propertypro Is Not Liable For Any Monetary Transaction Between You And The Agent.",0NRPE,2025-10-15,2026-04-24,https://www.propertypro.ng/property/3-bedroom-house-for-sale-main-jabi-abuja-0NRPE,85.0,"₦85,000,000"
4 Bedroom Terraced Duplex With A Bq,250000000,Sale,Jabi,Jabi,By Jabi Airport Road Jabi Abuja,4,4,5,Terraced Duplex,"Safety Tipsdo Not Make Any Inspection Fee Without Seeing The Agent And Property.Only Pay Rental Fee, Sales Fee Or Any Upfront Payment After You Verify The Landlord.Ensure You Meet The Agent In An Open Location.The Agent Does Not Represent Propertypro And Propertypro Is Not Liable For Any Monetary Transaction Between You And The Agent.",3NBEG,2025-06-07,2026-04-24,https://www.propertypro.ng/property/4-bedroom-house-for-sale-by-jabi-airport-road-jabi-abuja-3NBEG,250.0,"₦250,000,000"
Newly Built 2 Bedroom,75000000,Sale,Jabi,Kubwa,In A Very Beautiful Environment Of F01 Kubwa Abuja,2,2,3,Flat/Apartment,"Safety Tipsdo Not Make Any Inspection Fee Without Seeing The Agent And Property.Only Pay Rental Fee, Sales Fee Or Any Upfront Payment After You Verify The Landlord.Ensure You Meet The Agent In An Open Location.The Agent Does Not Represent Propertypro And Propertypro Is Not Liable For Any Monetary Transaction Between You And The Agent.",7PJWN,2026-04-04,2026-04-24,https://www.propertypro.ng/property/2-bedroom-flat-apartment-for-sale-in-a-very-beautiful-environment-of-f01-kubwa-abuja-7PJWN,75.0,"₦75,000,000"
Newly Built 4 Bedroom Terrace Duplex With Bq,370000000,Sale,Jabi,Jabi,Jabi Abuja,4,4,5,Terraced Duplex,"Safety Tipsdo Not Make Any Inspection Fee Without Seeing The Agent And Property.Only Pay Rental Fee, Sales Fee Or Any Upfront Payment After You Verify The Landlord.Ensure You Meet The Agent In An Open Location.The Agent Does Not Represent Propertypro And Propertypro Is Not Liable For Any Monetary Transaction Between You And The Agent.",2NYDT,2025-12-23,2026-04-24,https://www.propertypro.ng/property/4-bedroom-house-for-sale-jabi-abuja-2NYDT,370.0,"₦370,000,000"
Newly Built 4 Bedroom,285000000,Sale,Jabi,Jabi,By Jabi Lake Jabi Abuja,4,4,5,House,"Safety Tipsdo Not Make Any Inspection Fee Without Seeing The Agent And Property.Only Pay Rental Fee, Sales Fee Or Any Upfront Payment After You Verify The Landlord.Ensure You Meet The Agent In An Open Location.The Agent Does Not Represent Propertypro And Propertypro Is Not Liable For Any Monetary Transaction Between You And The Agent.",2NJHF,2025-08-08,2026-04-24,https://www.propertypro.ng/property/4-bedroom-house-for-sale-by-jabi-lake-jabi-abuja-2NJHF,285.0,"₦285,000,000"
Newly Built 4 Bedroom Terrace Duplex With Bq,330000000,Sale,Jabi,Jabi,Main Jabi Abuja,4,4,5,Terraced Duplex,"Safety Tipsdo Not Make Any Inspection Fee Without Seeing The Agent And Property.Only Pay Rental Fee, Sales Fee Or Any Upfront Payment After You Verify The Landlord.Ensure You Meet The Agent In An Open Location.The Agent Does Not Represent Propertypro And Propertypro Is Not Liable For Any Monetary Transaction Between You And The Agent.",2NSXC,2025-10-27,2026-04-24,https://www.propertypro.ng/property/4-bedroom-house-for-sale-main-jabi-abuja-2NSXC,330.0,"₦330,000,000"
Newly Built 4 Bedroom Flat,200000000,Sale,Jabi,Jabi,By The Apostolic Church Jabi Abuja,4,4,5,Flat/Apartment,"Safety Tipsdo Not Make Any Inspection Fee Without Seeing The Agent And Property.Only Pay Rental Fee, Sales Fee Or Any Upfront Payment After You Verify The Landlord.Ensure You Meet The Agent In An Open Location.The Agent Does Not Represent Propertypro And Propertypro Is Not Liable For Any Monetary Transaction Between You And The Agent.",2NNYW,2025-09-20,2026-04-24,https://www.propertypro.ng/property/4-bedroom-house-for-sale-by-the-apostolic-church-jabi-abuja-2NNYW,200.0,"₦200,000,000"
5 Bedroom Terrace Duplex,400000000,Sale,Jabi,Jabi,Jabi District Jabi Abuja,5,5,6,Terraced Duplex,"Safety Tipsdo Not Make Any Inspection Fee Without Seeing The Agent And Property.Only Pay Rental Fee, Sales Fee Or Any Upfront Payment After You Verify The Landlord.Ensure You Meet The Agent In An Open Location.The Agent Does Not Represent Propertypro And Propertypro Is Not Liable For Any Monetary Transaction Between You And The Agent.",7NLCD,2025-08-25,2026-04-24,https://www.propertypro.ng/property/5-bedroom-house-for-sale-jabi-district-jabi-abuja-7NLCD,400.0,"₦400,000,000"
Newly Built Spacious 3 Bedroom Flat + 1Bq,225000000,Sale,Jabi,Jabi,Jabi Abuja. Jabi Abuja,3,3,4,Flat/Apartment,"Safety Tipsdo Not Make Any Inspection Fee Without Seeing The Agent And Property.Only Pay Rental Fee, Sales Fee Or Any Upfront Payment After You Verify The Landlord.Ensure You Meet The Agent In An Open Location.The Agent Does Not Represent Propertypro And Propertypro Is Not Liable For Any Monetary Transaction Between You And The Agent.",6PHUA,2026-03-25,2026-04-24,https://www.propertypro.ng/property/3-bedroom-flat-apartment-for-sale-jabi-abuja-jabi-abuja-6PHUA,225.0,"₦225,000,000"
Luxurious 6 Bedroom Detached Duplex With Bq,750000000,Sale,Katampe,Katampe,"Katampe Ext Diplomatic Zone, Katampe Extension Katampe Abuja",6,6,7,Detached Duplex,"Safety Tipsdo Not Make Any Inspection Fee Without Seeing The Agent And Property.Only Pay Rental Fee, Sales Fee Or Any Upfront Payment After You Verify The Landlord.Ensure You Meet The Agent In An Open Location.The Agent Does Not Represent Propertypro And Propertypro Is Not Liable For Any Monetary Transaction Between You And The Agent.",9PCQG,2026-02-09,2026-04-24,https://www.propertypro.ng/property/6-bedroom-house-for-sale-katampe-ext-diplomatic-zone-katampe-extension-katampe-abuja-9PCQG,750.0,"₦750,000,000"
A Newly Built 5Bedroom Fully Detached Duplex,350000000,Sale,Katampe,Katampe,Katampe Extension Katampe Abuja,5,5,6,Detached Duplex,"Safety Tipsdo Not Make Any Inspection Fee Without Seeing The Agent And Property.Only Pay Rental Fee, Sales Fee Or Any Upfront Payment After You Verify The Landlord.Ensure You Meet The Agent In An Open Location.The Agent Does Not Represent Propertypro And Propertypro Is Not Liable For Any Monetary Transaction Between You And The Agent.",7PMCR,2026-04-24,2026-04-26,https://www.propertypro.ng/property/5-bedroom-house-for-sale-katampe-extension-katampe-abuja-7PMCR,350.0,"₦350,000,000"
4 Bedroom Detached Duplex,550000000,Sale,Katampe,Katampe,"Katampe Extention Diplomatic Zone,Area For People That Matters Katampe Extension Katampe Abuja",4,4,5,Detached Duplex,"Safety Tipsdo Not Make Any Inspection Fee Without Seeing The Agent And Property.Only Pay Rental Fee, Sales Fee Or Any Upfront Payment After You Verify The Landlord.Ensure You Meet The Agent In An Open Location.The Agent Does Not Represent Propertypro And Propertypro Is Not Liable For Any Monetary Transaction Between You And The Agent.",1PDGM,2026-02-15,2026-04-24,https://www.propertypro.ng/property/4-bedroom-house-for-sale-katampe-extention-diplomatic-zonearea-for-people-that-matters-katampe-extension-katampe-abuja-1PDGM,550.0,"₦550,000,000"
Fully Furnished 3 Bedroom,220000000,Sale,Katampe,Katampe,Katampe Extension Katampe Abuja,3,3,4,Flat/Apartment,"Safety Tipsdo Not Make Any Inspection Fee Without Seeing The Agent And Property.Only Pay Rental Fee, Sales Fee Or Any Upfront Payment After You Verify The Landlord.Ensure You Meet The Agent In An Open Location.The Agent Does Not Represent Propertypro And Propertypro Is Not Liable For Any Monetary Transaction Between You And The Agent.",3PHKF,2026-03-21,2026-04-24,https://www.propertypro.ng/property/3-bedroom-flat-apartment-for-sale-katampe-extension-katampe-abuja-3PHKF,220.0,"₦220,000,000"
6 Bedroom Semi Detached Duplex,450000000,Sale,Katampe,Katampe,Katampe Abuja,6,6,7,Semi-Detached Duplex,"Safety Tipsdo Not Make Any Inspection Fee Without Seeing The Agent And Property.Only Pay Rental Fee, Sales Fee Or Any Upfront Payment After You Verify The Landlord.Ensure You Meet The Agent In An Open Location.The Agent Does Not Represent Propertypro And Propertypro Is Not Liable For Any Monetary Transaction Between You And The Agent.",6MXFF,2025-05-10,2026-04-24,https://www.propertypro.ng/property/6-bedroom-house-for-sale-katampe-abuja-6MXFF,450.0,"₦450,000,000"
4 Bedroom Detached Duplex,290000000,Sale,Katampe,Katampe,"Ideal Homes Katampe Extension, Katampe Abuja",4,5,5,Detached Duplex,"Safety Tipsdo Not Make Any Inspection Fee Without Seeing The Agent And Property.Only Pay Rental Fee, Sales Fee Or Any Upfront Payment After You Verify The Landlord.Ensure You Meet The Agent In An Open Location.The Agent Does Not Represent Propertypro And Propertypro Is Not Liable For Any Monetary Transaction Between You And The Agent.",7PEDG,2026-02-22,2026-04-24,https://www.propertypro.ng/property/4-bedroom-house-for-sale-ideal-homes-katampe-extension-katampe-abuja-7PEDG,290.0,"₦290,000,000"
Newly Built 4 Bedroom Duplex In Katampe Extension,250000000,Sale,Katampe,Katampe,Pearls Court Katampe Extension Katampe Extension Katampe Abuja,4,4,5,Detached Duplex,"Safety Tipsdo Not Make Any Inspection Fee Without Seeing The Agent And Property.Only Pay Rental Fee, Sales Fee Or Any Upfront Payment After You Verify The Landlord.Ensure You Meet The Agent In An Open Location.The Agent Does Not Represent Propertypro And Propertypro Is Not Liable For Any Monetary Transaction Between You And The Agent.",8PKCR,2026-04-07,2026-04-22,https://www.propertypro.ng/property/4-bedroom-house-for-sale-pearls-court-katampe-extension-katampe-extension-katampe-abuja-8PKCR,250.0,"₦250,000,000"
New 6 Bedrooms Duplex (Carcass),650000000,Sale,Katampe,Katampe,Katampe Extension Katampe Abuja,6,7,7,Detached Duplex,"Safety Tipsdo Not Make Any Inspection Fee Without Seeing The Agent And Property.Only Pay Rental Fee, Sales Fee Or Any Upfront Payment After You Verify The Landlord.Ensure You Meet The Agent In An Open Location.The Agent Does Not Represent Propertypro And Propertypro Is Not Liable For Any Monetary Transaction Between You And The Agent.",3PMGD,2026-04-25,,https://www.propertypro.ng/property/6-bedroom-house-for-sale-katampe-extension-katampe-abuja-3PMGD,650.0,"₦650,000,000"
Carcass 5 Bedrooms Duplex,500000000,Sale,Katampe,Katampe,Katampe Extension Katampe Abuja,5,6,6,Detached Duplex,"Safety Tipsdo Not Make Any Inspection Fee Without Seeing The Agent And Property.Only Pay Rental Fee, Sales Fee Or Any Upfront Payment After You Verify The Landlord.Ensure You Meet The Agent In An Open Location.The Agent Does Not Represent Propertypro And Propertypro Is Not Liable For Any Monetary Transaction Between You And The Agent.",9PMDY,2026-04-24,2026-04-24,https://www.propertypro.ng/property/5-bedroom-house-for-sale-katampe-extension-katampe-abuja-9PMDY,500.0,"₦500,000,000"
Newly Built 4 Bedroom Flat,350000000,Sale,Katampe,Katampe,Katampe Abuja,4,4,5,Flat/Apartment,"Safety Tipsdo Not Make Any Inspection Fee Without Seeing The Agent And Property.Only Pay Rental Fee, Sales Fee Or Any Upfront Payment After You Verify The Landlord.Ensure You Meet The Agent In An Open Location.The Agent Does Not Represent Propertypro And Propertypro Is Not Liable For Any Monetary Transaction Between You And The Agent.",0NHPV,2025-08-01,2026-04-24,https://www.propertypro.ng/property/4-bedroom-house-for-sale-katampe-abuja-0NHPV,350.0,"₦350,000,000"
Newly Built 3 Bedroom Flat,265000000,Sale,Katampe,Katampe,Katampe Extension Katampe Abuja,3,3,4,Flat/Apartment,"Safety Tipsdo Not Make Any Inspection Fee Without Seeing The Agent And Property.Only Pay Rental Fee, Sales Fee Or Any Upfront Payment After You Verify The Landlord.Ensure You Meet The Agent In An Open Location.The Agent Does Not Represent Propertypro And Propertypro Is Not Liable For Any Monetary Transaction Between You And The Agent.",7PJUA,2026-04-03,2026-04-24,https://www.propertypro.ng/property/3-bedroom-flat-apartment-for-sale-katampe-extension-katampe-abuja-7PJUA,265.0,"₦265,000,000"
A Newly Built 4Bedroom Terraced Duplex With A Bq,350000000,Sale,Life-Camp,Life-Camp,Life Camp Abuja,4,4,5,Terraced Duplex,"Safety Tipsdo Not Make Any Inspection Fee Without Seeing The Agent And Property.Only Pay Rental Fee, Sales Fee Or Any Upfront Payment After You Verify The Landlord.Ensure You Meet The Agent In An Open Location.The Agent Does Not Represent Propertypro And Propertypro Is Not Liable For Any Monetary Transaction Between You And The Agent.",0PLWY,2026-04-22,2026-04-26,https://www.propertypro.ng/property/4-bedroom-house-for-sale-life-camp-abuja-0PLWY,350.0,"₦350,000,000"
Newly Built Cornerpeice 4Bedroom Terrace With Bq,270000000,Sale,Life-Camp,Life-Camp,Life Camp Life Camp Abuja,4,4,5,House,"Safety Tipsdo Not Make Any Inspection Fee Without Seeing The Agent And Property.Only Pay Rental Fee, Sales Fee Or Any Upfront Payment After You Verify The Landlord.Ensure You Meet The Agent In An Open Location.The Agent Does Not Represent Propertypro And Propertypro Is Not Liable For Any Monetary Transaction Between You And The Agent.",7PLDC,2026-04-16,2026-04-24,https://www.propertypro.ng/property/4-bedroom-house-for-sale-life-camp-life-camp-abuja-7PLDC,270.0,"₦270,000,000"
Newly Built 3 Bedroom Semi Detached With Bq,210000000,Sale,Life-Camp,Life-Camp,Life Camp Extention Life Camp Abuja,3,3,4,House,"Safety Tipsdo Not Make Any Inspection Fee Without Seeing The Agent And Property.Only Pay Rental Fee, Sales Fee Or Any Upfront Payment After You Verify The Landlord.Ensure You Meet The Agent In An Open Location.The Agent Does Not Represent Propertypro And Propertypro Is Not Liable For Any Monetary Transaction Between You And The Agent.",6PDHB,2026-02-15,2026-04-24,https://www.propertypro.ng/property/3-bedroom-house-for-sale-life-camp-extention-life-camp-abuja-6PDHB,210.0,"₦210,000,000"
Exquisite Beautiful 4 Bedroom Terraced Duplex With Bq,230000000,Sale,Life-Camp,Life-Camp,Life Camp Abuja,4,4,5,Terraced Duplex,"Safety Tipsdo Not Make Any Inspection Fee Without Seeing The Agent And Property.Only Pay Rental Fee, Sales Fee Or Any Upfront Payment After You Verify The Landlord.Ensure You Meet The Agent In An Open Location.The Agent Does Not Represent Propertypro And Propertypro Is Not Liable For Any Monetary Transaction Between You And The Agent.",9PBRS,2026-01-30,2026-04-24,https://www.propertypro.ng/property/4-bedroom-house-for-sale-life-camp-abuja-9PBRS,230.0,"₦230,000,000"
Newly Built 5 Bedroom Detached Duplex With Bq,580000000,Sale,Life-Camp,Life-Camp,Life Camp Abuja,5,5,6,Detached Duplex,"Safety Tipsdo Not Make Any Inspection Fee Without Seeing The Agent And Property.Only Pay Rental Fee, Sales Fee Or Any Upfront Payment After You Verify The Landlord.Ensure You Meet The Agent In An Open Location.The Agent Does Not Represent Propertypro And Propertypro Is Not Liable For Any Monetary Transaction Between You And The Agent.",9PJPG,2026-04-01,2026-04-24,https://www.propertypro.ng/property/5-bedroom-house-for-sale-life-camp-abuja-9PJPG,580.0,"₦580,000,000"
Gated And Beautiful Spacious 4Bedroom Terrace With Bq,260000000,Sale,Life-Camp,Life-Camp,Life Camp Life Camp Abuja,4,5,5,House,"Safety Tipsdo Not Make Any Inspection Fee Without Seeing The Agent And Property.Only Pay Rental Fee, Sales Fee Or Any Upfront Payment After You Verify The Landlord.Ensure You Meet The Agent In An Open Location.The Agent Does Not Represent Propertypro And Propertypro Is Not Liable For Any Monetary Transaction Between You And The Agent.",1PLAM,2026-04-15,2026-04-24,https://www.propertypro.ng/property/4-bedroom-house-for-sale-life-camp-life-camp-abuja-1PLAM,260.0,"₦260,000,000"
Beautiful 4 Bedroom Bungalow With Bq,270000000,Sale,Life-Camp,Life-Camp,Life Camp Abuja,4,4,5,Bungalow,"Safety Tipsdo Not Make Any Inspection Fee Without Seeing The Agent And Property.Only Pay Rental Fee, Sales Fee Or Any Upfront Payment After You Verify The Landlord.Ensure You Meet The Agent In An Open Location.The Agent Does Not Represent Propertypro And Propertypro Is Not Liable For Any Monetary Transaction Between You And The Agent.",6NVZQ,2025-11-28,2026-04-24,https://www.propertypro.ng/property/4-bedroom-house-for-sale-life-camp-abuja-6NVZQ,270.0,"₦270,000,000"
Spacious 4 Bedroom Terraced Duplex With Bq,195000000,Sale,Life-Camp,Life-Camp,Life Camp Abuja,4,4,5,Terraced Duplex,"Safety Tipsdo Not Make Any Inspection Fee Without Seeing The Agent And Property.Only Pay Rental Fee, Sales Fee Or Any Upfront Payment After You Verify The Landlord.Ensure You Meet The Agent In An Open Location.The Agent Does Not Represent Propertypro And Propertypro Is Not Liable For Any Monetary Transaction Between You And The Agent.",5PBMN,2026-01-29,2026-04-24,https://www.propertypro.ng/property/4-bedroom-house-for-sale-life-camp-abuja-5PBMN,195.0,"₦195,000,000"
4 Bedroom Detached Duplex With Bq,260000000,Sale,Life-Camp,Life-Camp,Life Camp Abuja,4,4,5,Detached Duplex,"Safety Tipsdo Not Make Any Inspection Fee Without Seeing The Agent And Property.Only Pay Rental Fee, Sales Fee Or Any Upfront Payment After You Verify The Landlord.Ensure You Meet The Agent In An Open Location.The Agent Does Not Represent Propertypro And Propertypro Is Not Liable For Any Monetary Transaction Between You And The Agent.",6NVER,2025-11-21,2026-04-24,https://www.propertypro.ng/property/4-bedroom-house-for-sale-life-camp-abuja-6NVER,260.0,"₦260,000,000"
Newly Built 4 Bedroom Detached Bungalow With Bq,285000000,Sale,Life-Camp,Life-Camp,Life Camp Abuja,4,4,5,Bungalow,"Safety Tipsdo Not Make Any Inspection Fee Without Seeing The Agent And Property.Only Pay Rental Fee, Sales Fee Or Any Upfront Payment After You Verify The Landlord.Ensure You Meet The Agent In An Open Location.The Agent Does Not Represent Propertypro And Propertypro Is Not Liable For Any Monetary Transaction Between You And The Agent.",1NWTK,2025-12-06,2026-04-24,https://www.propertypro.ng/property/4-bedroom-house-for-sale-life-camp-abuja-1NWTK,285.0,"₦285,000,000"
Beautiful And Clean 2Bedroom Apartment,130000000,Sale,Life-Camp,Life-Camp,Life Camp Suitable For Nbnb Life Camp Abuja,2,2,3,Flat/Apartment,"Safety Tipsdo Not Make Any Inspection Fee Without Seeing The Agent And Property.Only Pay Rental Fee, Sales Fee Or Any Upfront Payment After You Verify The Landlord.Ensure You Meet The Agent In An Open Location.The Agent Does Not Represent Propertypro And Propertypro Is Not Liable For Any Monetary Transaction Between You And The Agent.",0PLAL,2026-04-15,2026-04-24,https://www.propertypro.ng/property/2-bedroom-house-for-sale-life-camp-suitable-for-nbnb-life-camp-abuja-0PLAL,130.0,"₦130,000,000"
Newly Built 4 Bedroom With A Bq,250000000,Sale,Life-Camp,Life-Camp,By Godab Estate Life Camp Abuja,4,4,5,House,"Safety Tipsdo Not Make Any Inspection Fee Without Seeing The Agent And Property.Only Pay Rental Fee, Sales Fee Or Any Upfront Payment After You Verify The Landlord.Ensure You Meet The Agent In An Open Location.The Agent Does Not Represent Propertypro And Propertypro Is Not Liable For Any Monetary Transaction Between You And The Agent.",2PLDA,2026-04-16,2026-04-24,https://www.propertypro.ng/property/4-bedroom-house-for-sale-by-godab-estate-life-camp-abuja-2PLDA,250.0,"₦250,000,000"
Newly Built 4 Bedroom Terrace Duplex,210000000,Sale,Life-Camp,Life-Camp,Life Camp Abuja,4,4,5,Terraced Duplex,"Safety Tipsdo Not Make Any Inspection Fee Without Seeing The Agent And Property.Only Pay Rental Fee, Sales Fee Or Any Upfront Payment After You Verify The Landlord.Ensure You Meet The Agent In An Open Location.The Agent Does Not Represent Propertypro And Propertypro Is Not Liable For Any Monetary Transaction Between You And The Agent.",1PHKS,2026-03-22,2026-04-24,https://www.propertypro.ng/property/4-bedroom-house-for-sale-life-camp-abuja-1PHKS,210.0,"₦210,000,000"
Spacious 2 Bedroom Flat,60000000,Sale,Life-Camp,Life-Camp,Paradise Estate Phase 2 Life Camp Abuja,2,3,5,Flat/Apartment,"Safety Tipsdo Not Make Any Inspection Fee Without Seeing The Agent And Property.Only Pay Rental Fee, Sales Fee Or Any Upfront Payment After You Verify The Landlord.Ensure You Meet The Agent In An Open Location.The Agent Does Not Represent Propertypro And Propertypro Is Not Liable For Any Monetary Transaction Between You And The Agent.",5PJWP,2026-04-04,2026-04-24,https://www.propertypro.ng/property/2-bedroom-flat-apartment-for-sale-paradise-estate-phase-2-life-camp-abuja-5PJWP,60.0,"₦60,000,000"
Newly Built 3 Bedroom Flat With Bq,130000000,Sale,Life-Camp,Life-Camp,Life Camp Abuja,3,3,4,Flat/Apartment,"Safety Tipsdo Not Make Any Inspection Fee Without Seeing The Agent And Property.Only Pay Rental Fee, Sales Fee Or Any Upfront Payment After You Verify The Landlord.Ensure You Meet The Agent In An Open Location.The Agent Does Not Represent Propertypro And Propertypro Is Not Liable For Any Monetary Transaction Between You And The Agent.",8PCHA,2026-02-06,2026-04-24,https://www.propertypro.ng/property/3-bedroom-flat-apartment-for-sale-life-camp-abuja-8PCHA,130.0,"₦130,000,000"
Newly Built 2 Bedroom Apartment,125000000,Sale,Life-Camp,Life-Camp,Close To Berger Yard Life Camp Abuja,2,2,3,Flat/Apartment,"Safety Tipsdo Not Make Any Inspection Fee Without Seeing The Agent And Property.Only Pay Rental Fee, Sales Fee Or Any Upfront Payment After You Verify The Landlord.Ensure You Meet The Agent In An Open Location.The Agent Does Not Represent Propertypro And Propertypro Is Not Liable For Any Monetary Transaction Between You And The Agent.",9PJQK,2026-04-01,2026-04-24,https://www.propertypro.ng/property/2-bedroom-flat-apartment-for-sale-close-to-berger-yard-life-camp-abuja-9PJQK,125.0,"₦125,000,000"
4 Bedroom Terrace Duplex,230000000,Sale,Life-Camp,Life-Camp,Close To Stella Marris School Life Camp Abuja,4,4,5,Terraced Duplex,"Safety Tipsdo Not Make Any Inspection Fee Without Seeing The Agent And Property.Only Pay Rental Fee, Sales Fee Or Any Upfront Payment After You Verify The Landlord.Ensure You Meet The Agent In An Open Location.The Agent Does Not Represent Propertypro And Propertypro Is Not Liable For Any Monetary Transaction Between You And The Agent.",1NYVE,2026-01-04,2026-04-24,https://www.propertypro.ng/property/4-bedroom-house-for-sale-close-to-stella-marris-school-life-camp-abuja-1NYVE,230.0,"₦230,000,000"
4 Bedroom Terraced Duplex With Bq,250000000,Sale,Life-Camp,Life-Camp,"Berger Clinic Axis, Life Camp Abuja",4,5,6,Terraced Duplex,"Safety Tipsdo Not Make Any Inspection Fee Without Seeing The Agent And Property.Only Pay Rental Fee, Sales Fee Or Any Upfront Payment After You Verify The Landlord.Ensure You Meet The Agent In An Open Location.The Agent Does Not Represent Propertypro And Propertypro Is Not Liable For Any Monetary Transaction Between You And The Agent.",8PEZE,2026-02-28,2026-04-24,https://www.propertypro.ng/property/4-bedroom-house-for-sale-berger-clinic-axis-life-camp-abuja-8PEZE,250.0,"₦250,000,000"
Newly Built 4Bedroom Terrace With Bq,400000000,Sale,Apo,Apo,Apo Legislative (National Assembly Quarters) Apo Abuja,4,4,5,House,"Safety Tipsdo Not Make Any Inspection Fee Without Seeing The Agent And Property.Only Pay Rental Fee, Sales Fee Or Any Upfront Payment After You Verify The Landlord.Ensure You Meet The Agent In An Open Location.The Agent Does Not Represent Propertypro And Propertypro Is Not Liable For Any Monetary Transaction Between You And The Agent.",0PLDF,2026-04-16,2026-04-24,https://www.propertypro.ng/property/4-bedroom-house-for-sale-apo-legislative-national-assembly-quarters-apo-abuja-0PLDF,400.0,"₦400,000,000"
Newly Built 1 Bedroom Flat,65000000,Sale,Apo,Apo,By Ceder Crest Hospital Apo Abuja,1,1,2,Flat/Apartment,"Safety Tipsdo Not Make Any Inspection Fee Without Seeing The Agent And Property.Only Pay Rental Fee, Sales Fee Or Any Upfront Payment After You Verify The Landlord.Ensure You Meet The Agent In An Open Location.The Agent Does Not Represent Propertypro And Propertypro Is Not Liable For Any Monetary Transaction Between You And The Agent.",9PAPB,2026-01-21,2026-04-24,https://www.propertypro.ng/property/1-bedroom-flat-apartment-for-sale-by-ceder-crest-hospital-apo-abuja-9PAPB,65.0,"₦65,000,000"
5 Bedroom With Swimming Pool,580000000,Sale,Apo,Apo,Apo Resettlement Apo Abuja,5,5,6,House,"Safety Tipsdo Not Make Any Inspection Fee Without Seeing The Agent And Property.Only Pay Rental Fee, Sales Fee Or Any Upfront Payment After You Verify The Landlord.Ensure You Meet The Agent In An Open Location.The Agent Does Not Represent Propertypro And Propertypro Is Not Liable For Any Monetary Transaction Between You And The Agent.",1PLJX,2026-04-18,2026-04-24,https://www.propertypro.ng/property/5-bedroom-house-for-sale-apo-resettlement-apo-abuja-1PLJX,580.0,"₦580,000,000"
Newly Built 4 Bedroom Terraced Duplex With Bq,245000000,Sale,Apo,Apo,Gudu Apo Abuja,4,4,5,Terraced Duplex,"Safety Tipsdo Not Make Any Inspection Fee Without Seeing The Agent And Property.Only Pay Rental Fee, Sales Fee Or Any Upfront Payment After You Verify The Landlord.Ensure You Meet The Agent In An Open Location.The Agent Does Not Represent Propertypro And Propertypro Is Not Liable For Any Monetary Transaction Between You And The Agent.",2NRPA,2025-10-15,2026-04-24,https://www.propertypro.ng/property/4-bedroom-house-for-sale-gudu-apo-abuja-2NRPA,245.0,"₦245,000,000"
4 Bedroom Detached Bungalow With Bq,145000000,Sale,Apo,Apo,By Cedar Crest Hospital Apo Abuja,4,4,5,Bungalow,"Safety Tipsdo Not Make Any Inspection Fee Without Seeing The Agent And Property.Only Pay Rental Fee, Sales Fee Or Any Upfront Payment After You Verify The Landlord.Ensure You Meet The Agent In An Open Location.The Agent Does Not Represent Propertypro And Propertypro Is Not Liable For Any Monetary Transaction Between You And The Agent.",2NYRM,2026-01-02,2026-04-24,https://www.propertypro.ng/property/4-bedroom-house-for-sale-by-cedar-crest-hospital-apo-abuja-2NYRM,145.0,"₦145,000,000"
3 Bedroom Detached Bungalow With Bq,115000000,Sale,Apo,Apo,Wumba Apo Abuja,3,3,4,Bungalow,"Safety Tipsdo Not Make Any Inspection Fee Without Seeing The Agent And Property.Only Pay Rental Fee, Sales Fee Or Any Upfront Payment After You Verify The Landlord.Ensure You Meet The Agent In An Open Location.The Agent Does Not Represent Propertypro And Propertypro Is Not Liable For Any Monetary Transaction Between You And The Agent.",7PJAT,2026-03-27,2026-04-24,https://www.propertypro.ng/property/3-bedroom-house-for-sale-wumba-apo-abuja-7PJAT,115.0,"₦115,000,000"
4 Bedroom Semi Detached Duplex With Bq,250000000,Sale,Apo,Apo,Apo Abuja,4,4,4,Semi-Detached Duplex,"Safety Tipsdo Not Make Any Inspection Fee Without Seeing The Agent And Property.Only Pay Rental Fee, Sales Fee Or Any Upfront Payment After You Verify The Landlord.Ensure You Meet The Agent In An Open Location.The Agent Does Not Represent Propertypro And Propertypro Is Not Liable For Any Monetary Transaction Between You And The Agent.",1PJAS,2026-03-27,2026-04-24,https://www.propertypro.ng/property/4-bedroom-house-for-sale-apo-abuja-1PJAS,250.0,"₦250,000,000"
4 Bedroom Terrace Duplex With Bq,300000000,Sale,Apo,Apo,Apo Abuja,4,4,4,Terraced Duplex,"Safety Tipsdo Not Make Any Inspection Fee Without Seeing The Agent And Property.Only Pay Rental Fee, Sales Fee Or Any Upfront Payment After You Verify The Landlord.Ensure You Meet The Agent In An Open Location.The Agent Does Not Represent Propertypro And Propertypro Is Not Liable For Any Monetary Transaction Between You And The Agent.",2PJGX,2026-03-30,2026-04-24,https://www.propertypro.ng/property/4-bedroom-house-for-sale-apo-abuja-2PJGX,300.0,"₦300,000,000"
Newly Built 5 Bedroom,220000000,Sale,Apo,Apo,Larinx Home Close To Chris Land School Apo Abuja,5,5,6,House,"Safety Tipsdo Not Make Any Inspection Fee Without Seeing The Agent And Property.Only Pay Rental Fee, Sales Fee Or Any Upfront Payment After You Verify The Landlord.Ensure You Meet The Agent In An Open Location.The Agent Does Not Represent Propertypro And Propertypro Is Not Liable For Any Monetary Transaction Between You And The Agent.",1PLUX,2026-04-22,2026-04-24,https://www.propertypro.ng/property/5-bedroom-house-for-sale-larinx-home-close-to-chris-land-school-apo-abuja-1PLUX,220.0,"₦220,000,000"
3 Bedroom Fully Detached Bungalow With Boys Quarters,170000000,Sale,Apo,Apo,"Estate By Ceder Crest Hospital, Apo Abuja",3,3,4,Bungalow,"Safety Tipsdo Not Make Any Inspection Fee Without Seeing The Agent And Property.Only Pay Rental Fee, Sales Fee Or Any Upfront Payment After You Verify The Landlord.Ensure You Meet The Agent In An Open Location.The Agent Does Not Represent Propertypro And Propertypro Is Not Liable For Any Monetary Transaction Between You And The Agent.",8NMAD,2025-09-02,2026-04-24,https://www.propertypro.ng/property/3-bedroom-house-for-sale-estate-by-ceder-crest-hospital-apo-abuja-8NMAD,170.0,"₦170,000,000"
Newly Built 3 Bedroom Flat With Bq,170000000,Sale,Apo,Apo,Not Far From Gudu Junction Apo Abuja,3,3,4,Flat/Apartment,"Safety Tipsdo Not Make Any Inspection Fee Without Seeing The Agent And Property.Only Pay Rental Fee, Sales Fee Or Any Upfront Payment After You Verify The Landlord.Ensure You Meet The Agent In An Open Location.The Agent Does Not Represent Propertypro And Propertypro Is Not Liable For Any Monetary Transaction Between You And The Agent.",8NPFZ,2025-09-24,2026-04-24,https://www.propertypro.ng/property/3-bedroom-flat-apartment-for-sale-not-far-from-gudu-junction-apo-abuja-8NPFZ,170.0,"₦170,000,000"
3 Bedroom Semi Detached Duplex With A Bq,160000000,Sale,Apo,Apo,Rockvale Manor Estate Apo Abuja,3,3,4,Semi-Detached Duplex,"Safety Tipsdo Not Make Any Inspection Fee Without Seeing The Agent And Property.Only Pay Rental Fee, Sales Fee Or Any Upfront Payment After You Verify The Landlord.Ensure You Meet The Agent In An Open Location.The Agent Does Not Represent Propertypro And Propertypro Is Not Liable For Any Monetary Transaction Between You And The Agent.",2NNSA,2025-09-17,2026-04-24,https://www.propertypro.ng/property/3-bedroom-house-for-sale-rockvale-manor-estate-apo-abuja-2NNSA,160.0,"₦160,000,000"
5 Bedroom Duplex With A Bq,490000000,Sale,Apo,Apo,Apo Resettlement Apo Abuja,5,5,6,Detached Duplex,"Safety Tipsdo Not Make Any Inspection Fee Without Seeing The Agent And Property.Only Pay Rental Fee, Sales Fee Or Any Upfront Payment After You Verify The Landlord.Ensure You Meet The Agent In An Open Location.The Agent Does Not Represent Propertypro And Propertypro Is Not Liable For Any Monetary Transaction Between You And The Agent.",9NCPM,2025-06-20,2026-04-24,https://www.propertypro.ng/property/5-bedroom-house-for-sale-apo-resettlement-apo-abuja-9NCPM,490.0,"₦490,000,000"
3 Bedroom Flat,80000000,Sale,Apo,Apo,"In An Estate At Apo/Wumba, Apo Abuja",3,3,4,Flat/Apartment,"Safety Tipsdo Not Make Any Inspection Fee Without Seeing The Agent And Property.Only Pay Rental Fee, Sales Fee Or Any Upfront Payment After You Verify The Landlord.Ensure You Meet The Agent In An Open Location.The Agent Does Not Represent Propertypro And Propertypro Is Not Liable For Any Monetary Transaction Between You And The Agent.",3NKJZ,2025-08-19,2026-04-24,https://www.propertypro.ng/property/3-bedroom-flat-apartment-for-sale-in-an-estate-at-apo-wumba-apo-abuja-3NKJZ,80.0,"₦80,000,000"
Newly Built 4 Bedroom Detached Duplex With A Bq,300000000,Sale,Apo,Apo,"Apo Resettlement By The New Express, Apo Abuja",4,4,5,Detached Duplex,"Safety Tipsdo Not Make Any Inspection Fee Without Seeing The Agent And Property.Only Pay Rental Fee, Sales Fee Or Any Upfront Payment After You Verify The Landlord.Ensure You Meet The Agent In An Open Location.The Agent Does Not Represent Propertypro And Propertypro Is Not Liable For Any Monetary Transaction Between You And The Agent.",7PAAN,2026-01-16,2026-04-24,https://www.propertypro.ng/property/4-bedroom-house-for-sale-apo-resettlement-by-the-new-express-apo-abuja-7PAAN,300.0,"₦300,000,000"
4 Bedroom Terraced Duplex With A Bq,300000000,Sale,Apo,Apo,Apo Abuja,4,4,4,Terraced Duplex,"Safety Tipsdo Not Make Any Inspection Fee Without Seeing The Agent And Property.Only Pay Rental Fee, Sales Fee Or Any Upfront Payment After You Verify The Landlord.Ensure You Meet The Agent In An Open Location.The Agent Does Not Represent Propertypro And Propertypro Is Not Liable For Any Monetary Transaction Between You And The Agent.",8PFGZ,2026-03-03,2026-04-24,https://www.propertypro.ng/property/4-bedroom-house-for-sale-apo-abuja-8PFGZ,300.0,"₦300,000,000"
A Newly Built 4 Bedroom Detached Duplex With A Bq,300000000,Sale,Karsana,Karsana,Karsana Abuja,4,4,5,Detached Duplex,"Safety Tipsdo Not Make Any Inspection Fee Without Seeing The Agent And Property.Only Pay Rental Fee, Sales Fee Or Any Upfront Payment After You Verify The Landlord.Ensure You Meet The Agent In An Open Location.The Agent Does Not Represent Propertypro And Propertypro Is Not Liable For Any Monetary Transaction Between You And The Agent.",0PLZZ,2026-04-23,2026-04-26,https://www.propertypro.ng/property/4-bedroom-house-for-sale-karsana-abuja-0PLZZ,300.0,"₦300,000,000"
Newly Built 1 Bedroom Bungalow With Bq,175000000,Sale,Karsana,Karsana,Efab Verizon Karsana West Karsana Abuja,3,3,4,Bungalow,"Safety Tipsdo Not Make Any Inspection Fee Without Seeing The Agent And Property.Only Pay Rental Fee, Sales Fee Or Any Upfront Payment After You Verify The Landlord.Ensure You Meet The Agent In An Open Location.The Agent Does Not Represent Propertypro And Propertypro Is Not Liable For Any Monetary Transaction Between You And The Agent.",9PFBP,2026-03-01,2026-04-24,https://www.propertypro.ng/property/3-bedroom-house-for-sale-efab-verizon-karsana-west-karsana-abuja-9PFBP,175.0,"₦175,000,000"
Beautiful And Newly 6Bedroom Detached Duplex,370000000,Sale,Karsana,Karsana,In An Estate Gwarimpa Extension Karsana Abuja,6,6,7,Detached Duplex,"Safety Tipsdo Not Make Any Inspection Fee Without Seeing The Agent And Property.Only Pay Rental Fee, Sales Fee Or Any Upfront Payment After You Verify The Landlord.Ensure You Meet The Agent In An Open Location.The Agent Does Not Represent Propertypro And Propertypro Is Not Liable For Any Monetary Transaction Between You And The Agent.",2PLMB,2026-04-19,2026-04-24,https://www.propertypro.ng/property/6-bedroom-house-for-sale-in-an-estate-gwarimpa-extension-karsana-abuja-2PLMB,370.0,"₦370,000,000"
2 Bedroom Flat,670000000,Sale,Karsana,Karsana,Efab Metropolis Estate Karsana District Karsana Abuja,5,5,5,Flat/Apartment,"Safety Tipsdo Not Make Any Inspection Fee Without Seeing The Agent And Property.Only Pay Rental Fee, Sales Fee Or Any Upfront Payment After You Verify The Landlord.Ensure You Meet The Agent In An Open Location.The Agent Does Not Represent Propertypro And Propertypro Is Not Liable For Any Monetary Transaction Between You And The Agent.",9NWAZ,2025-11-29,2026-04-24,https://www.propertypro.ng/property/5-bedroom-house-for-sale-efab-metropolis-estate-karsana-district-karsana-abuja-9NWAZ,670.0,"₦670,000,000"
Distress New 5 Bedroom Detached Duplex With Bq,330000000,Sale,Karsana,Karsana,"Karsana Efab Metropolis, Karsana Abuja",5,5,6,Detached Duplex,"Safety Tipsdo Not Make Any Inspection Fee Without Seeing The Agent And Property.Only Pay Rental Fee, Sales Fee Or Any Upfront Payment After You Verify The Landlord.Ensure You Meet The Agent In An Open Location.The Agent Does Not Represent Propertypro And Propertypro Is Not Liable For Any Monetary Transaction Between You And The Agent.",0PERF,2026-02-25,2026-04-24,https://www.propertypro.ng/property/5-bedroom-house-for-sale-karsana-efab-metropolis-karsana-abuja-0PERF,330.0,"₦330,000,000"
Bungalow,260000000,Sale,Karsana,Karsana,Efab Queens Karsana Abuja,3,3,4,Bungalow,"Safety Tipsdo Not Make Any Inspection Fee Without Seeing The Agent And Property.Only Pay Rental Fee, Sales Fee Or Any Upfront Payment After You Verify The Landlord.Ensure You Meet The Agent In An Open Location.The Agent Does Not Represent Propertypro And Propertypro Is Not Liable For Any Monetary Transaction Between You And The Agent.",1PFFE,2026-03-02,2026-04-24,https://www.propertypro.ng/property/3-bedroom-house-for-sale-efab-queens-karsana-abuja-1PFFE,260.0,"₦260,000,000"
Spacious 5 Bedroom Detached Duplex With Bq,550000000,Sale,Karsana,Karsana,"Karsana Efab Metropolis, Karsana Abuja",5,5,6,Detached Duplex,"Safety Tipsdo Not Make Any Inspection Fee Without Seeing The Agent And Property.Only Pay Rental Fee, Sales Fee Or Any Upfront Payment After You Verify The Landlord.Ensure You Meet The Agent In An Open Location.The Agent Does Not Represent Propertypro And Propertypro Is Not Liable For Any Monetary Transaction Between You And The Agent.",0PCMU,2026-02-08,2026-04-24,https://www.propertypro.ng/property/5-bedroom-house-for-sale-karsana-efab-metropolis-karsana-abuja-0PCMU,550.0,"₦550,000,000"
3 Bedroom Bungalow With Bq,165000000,Sale,Karsana,Karsana,"Efab Verizon,Karsana District Karsana Abuja",3,3,4,Bungalow,"Safety Tipsdo Not Make Any Inspection Fee Without Seeing The Agent And Property.Only Pay Rental Fee, Sales Fee Or Any Upfront Payment After You Verify The Landlord.Ensure You Meet The Agent In An Open Location.The Agent Does Not Represent Propertypro And Propertypro Is Not Liable For Any Monetary Transaction Between You And The Agent.",5NSRU,2025-10-25,2026-04-24,https://www.propertypro.ng/property/3-bedroom-house-for-sale-efab-verizonkarsana-district-karsana-abuja-5NSRU,165.0,"₦165,000,000"
Newly Built 5 Bedroom Detached Duplex With Bq,330000000,Sale,Karsana,Karsana,Efab Metropolis Estate Karsana Abuja,5,5,6,Detached Duplex,"Safety Tipsdo Not Make Any Inspection Fee Without Seeing The Agent And Property.Only Pay Rental Fee, Sales Fee Or Any Upfront Payment After You Verify The Landlord.Ensure You Meet The Agent In An Open Location.The Agent Does Not Represent Propertypro And Propertypro Is Not Liable For Any Monetary Transaction Between You And The Agent.",5PCJG,2026-02-06,2026-04-24,https://www.propertypro.ng/property/5-bedroom-house-for-sale-efab-metropolis-estate-karsana-abuja-5PCJG,330.0,"₦330,000,000"
4 Bedroom Terrace Duplex,120000000,Sale,Karsana,Karsana,Karsana Abuja,4,4,5,Terraced Duplex,"Safety Tipsdo Not Make Any Inspection Fee Without Seeing The Agent And Property.Only Pay Rental Fee, Sales Fee Or Any Upfront Payment After You Verify The Landlord.Ensure You Meet The Agent In An Open Location.The Agent Does Not Represent Propertypro And Propertypro Is Not Liable For Any Monetary Transaction Between You And The Agent.",6PFKJ,2026-03-04,2026-04-24,https://www.propertypro.ng/property/4-bedroom-house-for-sale-karsana-abuja-6PFKJ,120.0,"₦120,000,000"
5 Bedroom Fully Detached Duplex With 2 Bq,220000000,Sale,Karsana,Karsana,Karsana Abuja,5,6,6,Detached Duplex,"Safety Tipsdo Not Make Any Inspection Fee Without Seeing The Agent And Property.Only Pay Rental Fee, Sales Fee Or Any Upfront Payment After You Verify The Landlord.Ensure You Meet The Agent In An Open Location.The Agent Does Not Represent Propertypro And Propertypro Is Not Liable For Any Monetary Transaction Between You And The Agent.",4PFKJ,2026-03-04,2026-04-24,https://www.propertypro.ng/property/5-bedroom-house-for-sale-karsana-abuja-4PFKJ,220.0,"₦220,000,000"
Standard 3 Bedroom Duplex,110000000,Sale,Karsana,Karsana,Karsana Abuja,3,3,4,Detached Duplex,"Safety Tipsdo Not Make Any Inspection Fee Without Seeing The Agent And Property.Only Pay Rental Fee, Sales Fee Or Any Upfront Payment After You Verify The Landlord.Ensure You Meet The Agent In An Open Location.The Agent Does Not Represent Propertypro And Propertypro Is Not Liable For Any Monetary Transaction Between You And The Agent.",5NPXJ,2025-09-30,2026-04-24,https://www.propertypro.ng/property/3-bedroom-house-for-sale-karsana-abuja-5NPXJ,110.0,"₦110,000,000"
5 Bedroom Detached Duplex With Bq,450000000,Sale,Karsana,Karsana,Karsana Abuja,5,5,6,Detached Duplex,"Safety Tipsdo Not Make Any Inspection Fee Without Seeing The Agent And Property.Only Pay Rental Fee, Sales Fee Or Any Upfront Payment After You Verify The Landlord.Ensure You Meet The Agent In An Open Location.The Agent Does Not Represent Propertypro And Propertypro Is Not Liable For Any Monetary Transaction Between You And The Agent.",8NNGP,2025-09-14,2026-04-24,https://www.propertypro.ng/property/5-bedroom-house-for-sale-karsana-abuja-8NNGP,450.0,"₦450,000,000"
Newly Built 5 Bedroom,170000000,Sale,Karsana,Karsana,In An Estate Karsana Abuja,5,5,6,House,"Safety Tipsdo Not Make Any Inspection Fee Without Seeing The Agent And Property.Only Pay Rental Fee, Sales Fee Or Any Upfront Payment After You Verify The Landlord.Ensure You Meet The Agent In An Open Location.The Agent Does Not Represent Propertypro And Propertypro Is Not Liable For Any Monetary Transaction Between You And The Agent.",7PLRA,2026-04-20,2026-04-24,https://www.propertypro.ng/property/5-bedroom-house-for-sale-in-an-estate-karsana-abuja-7PLRA,170.0,"₦170,000,000"
Newly Built 2 Bedroom Flat,50000000,Sale,Karsana,Karsana,Opposite Belham Estate Karsana Abuja,2,2,3,Flat/Apartment,"Safety Tipsdo Not Make Any Inspection Fee Without Seeing The Agent And Property.Only Pay Rental Fee, Sales Fee Or Any Upfront Payment After You Verify The Landlord.Ensure You Meet The Agent In An Open Location.The Agent Does Not Represent Propertypro And Propertypro Is Not Liable For Any Monetary Transaction Between You And The Agent.",5NEJG,2025-07-04,2026-04-24,https://www.propertypro.ng/property/2-bedroom-flat-apartment-for-sale-opposite-belham-estate-karsana-abuja-5NEJG,50.0,"₦50,000,000"
Newly Built 7 Bedroom Detached Apartment,650000000,Sale,Karsana,Karsana,Gwarimpa Karsana Abuja,7,6,6,Flat/Apartment,"Safety Tipsdo Not Make Any Inspection Fee Without Seeing The Agent And Property.Only Pay Rental Fee, Sales Fee Or Any Upfront Payment After You Verify The Landlord.Ensure You Meet The Agent In An Open Location.The Agent Does Not Represent Propertypro And Propertypro Is Not Liable For Any Monetary Transaction Between You And The Agent.",5NLMG,2025-08-28,2026-04-24,https://www.propertypro.ng/property/7-bedroom-house-for-sale-gwarimpa-karsana-abuja-5NLMG,650.0,"₦650,000,000"
4 Bedroom Semi Detached Duplex,200000000,Sale,Karsana,Karsana,Karsana Abuja,4,4,5,Semi-Detached Duplex,"Safety Tipsdo Not Make Any Inspection Fee Without Seeing The Agent And Property.Only Pay Rental Fee, Sales Fee Or Any Upfront Payment After You Verify The Landlord.Ensure You Meet The Agent In An Open Location.The Agent Does Not Represent Propertypro And Propertypro Is Not Liable For Any Monetary Transaction Between You And The Agent.",5PFYC,2026-03-09,2026-04-24,https://www.propertypro.ng/property/4-bedroom-house-for-sale-karsana-abuja-5PFYC,200.0,"₦200,000,000"
Very Clean 3 Bedroom,170000000,Sale,Lokogoma,Lokogoma,Lokogoma Abuja,3,3,4,House,"Safety Tipsdo Not Make Any Inspection Fee Without Seeing The Agent And Property.Only Pay Rental Fee, Sales Fee Or Any Upfront Payment After You Verify The Landlord.Ensure You Meet The Agent In An Open Location.The Agent Does Not Represent Propertypro And Propertypro Is Not Liable For Any Monetary Transaction Between You And The Agent.",4PKZP,2026-04-14,2026-04-24,https://www.propertypro.ng/property/3-bedroom-house-for-sale-lokogoma-abuja-4PKZP,170.0,"₦170,000,000"
Newly Built 3 Bedroom With A Bq,120000000,Sale,Lokogoma,Lokogoma,Kabusa Garden Estate Lokogoma Abuja,3,3,4,House,"Safety Tipsdo Not Make Any Inspection Fee Without Seeing The Agent And Property.Only Pay Rental Fee, Sales Fee Or Any Upfront Payment After You Verify The Landlord.Ensure You Meet The Agent In An Open Location.The Agent Does Not Represent Propertypro And Propertypro Is Not Liable For Any Monetary Transaction Between You And The Agent.",2PKBS,2026-04-06,2026-04-24,https://www.propertypro.ng/property/3-bedroom-house-for-sale-kabusa-garden-estate-lokogoma-abuja-2PKBS,120.0,"₦120,000,000"
Newly Built 4 Bedroom Fully Detached Duplex With Bq,400000000,Sale,Lokogoma,Lokogoma,Lokogoma Abuja,4,4,5,Detached Duplex,"Safety Tipsdo Not Make Any Inspection Fee Without Seeing The Agent And Property.Only Pay Rental Fee, Sales Fee Or Any Upfront Payment After You Verify The Landlord.Ensure You Meet The Agent In An Open Location.The Agent Does Not Represent Propertypro And Propertypro Is Not Liable For Any Monetary Transaction Between You And The Agent.",1PFNC,2026-03-04,2026-04-24,https://www.propertypro.ng/property/4-bedroom-house-for-sale-lokogoma-abuja-1PFNC,400.0,"₦400,000,000"
Newly Built 3 Bedroom Flat,110000000,Sale,Lokogoma,Lokogoma,Sahara 4 Estate Lokogoma Abuja,3,3,4,Flat/Apartment,"Safety Tipsdo Not Make Any Inspection Fee Without Seeing The Agent And Property.Only Pay Rental Fee, Sales Fee Or Any Upfront Payment After You Verify The Landlord.Ensure You Meet The Agent In An Open Location.The Agent Does Not Represent Propertypro And Propertypro Is Not Liable For Any Monetary Transaction Between You And The Agent.",9PHCZ,2026-03-18,2026-04-24,https://www.propertypro.ng/property/3-bedroom-house-for-sale-sahara-4-estate-lokogoma-abuja-9PHCZ,110.0,"₦110,000,000"
Newly Built 4 Bedroom Detached Duplex With Bq,300000000,Sale,Lokogoma,Lokogoma,Main Lokogoma Abuja,4,4,5,Detached Duplex,"Safety Tipsdo Not Make Any Inspection Fee Without Seeing The Agent And Property.Only Pay Rental Fee, Sales Fee Or Any Upfront Payment After You Verify The Landlord.Ensure You Meet The Agent In An Open Location.The Agent Does Not Represent Propertypro And Propertypro Is Not Liable For Any Monetary Transaction Between You And The Agent.",9PCYJ,2026-02-12,2026-04-24,https://www.propertypro.ng/property/4-bedroom-house-for-sale-main-lokogoma-abuja-9PCYJ,300.0,"₦300,000,000"
5 Bedroom Detached Duplex With 1 Bq,475000000,Sale,Lokogoma,Lokogoma,"Close To Sunnyvale, Lokogoma Abuja",5,5,6,Detached Duplex,"Safety Tipsdo Not Make Any Inspection Fee Without Seeing The Agent And Property.Only Pay Rental Fee, Sales Fee Or Any Upfront Payment After You Verify The Landlord.Ensure You Meet The Agent In An Open Location.The Agent Does Not Represent Propertypro And Propertypro Is Not Liable For Any Monetary Transaction Between You And The Agent.",4NYZM,2026-01-06,2026-04-24,https://www.propertypro.ng/property/5-bedroom-house-for-sale-close-to-sunnyvale-lokogoma-abuja-4NYZM,475.0,"₦475,000,000"
Luxurious 4Bedroom Detached Duplex With 2Bq,250000000,Sale,Lokogoma,Lokogoma,Main Lokogoma Abuja,4,4,5,Detached Duplex,"Safety Tipsdo Not Make Any Inspection Fee Without Seeing The Agent And Property.Only Pay Rental Fee, Sales Fee Or Any Upfront Payment After You Verify The Landlord.Ensure You Meet The Agent In An Open Location.The Agent Does Not Represent Propertypro And Propertypro Is Not Liable For Any Monetary Transaction Between You And The Agent.",1PJSH,2026-04-02,2026-04-24,https://www.propertypro.ng/property/4-bedroom-house-for-sale-main-lokogoma-abuja-1PJSH,250.0,"₦250,000,000"
4 Bedroom Detached Bungalow + 2 Bedroom Bungalow Bq,240000000,Sale,Lokogoma,Lokogoma,Close To Ebeano Suppermarket Lokogoma Abuja,4,4,5,Bungalow,"Safety Tipsdo Not Make Any Inspection Fee Without Seeing The Agent And Property.Only Pay Rental Fee, Sales Fee Or Any Upfront Payment After You Verify The Landlord.Ensure You Meet The Agent In An Open Location.The Agent Does Not Represent Propertypro And Propertypro Is Not Liable For Any Monetary Transaction Between You And The Agent.",8NUEX,2025-11-11,2026-04-24,https://www.propertypro.ng/property/4-bedroom-house-for-sale-close-to-ebeano-suppermarket-lokogoma-abuja-8NUEX,240.0,"₦240,000,000"
4 Bedroom Detached Duplex With Bq,350000000,Sale,Lokogoma,Lokogoma,Lokogoma Abuja,4,4,4,Detached Duplex,"Safety Tipsdo Not Make Any Inspection Fee Without Seeing The Agent And Property.Only Pay Rental Fee, Sales Fee Or Any Upfront Payment After You Verify The Landlord.Ensure You Meet The Agent In An Open Location.The Agent Does Not Represent Propertypro And Propertypro Is Not Liable For Any Monetary Transaction Between You And The Agent.",0PJAV,2026-03-27,2026-04-24,https://www.propertypro.ng/property/4-bedroom-house-for-sale-lokogoma-abuja-0PJAV,350.0,"₦350,000,000"
Exquisitely Built 4 Bedroom Detached Duplex,200000000,Sale,Lokogoma,Lokogoma,Lokogoma Abuja,4,4,5,Detached Duplex,"Safety Tipsdo Not Make Any Inspection Fee Without Seeing The Agent And Property.Only Pay Rental Fee, Sales Fee Or Any Upfront Payment After You Verify The Landlord.Ensure You Meet The Agent In An Open Location.The Agent Does Not Represent Propertypro And Propertypro Is Not Liable For Any Monetary Transaction Between You And The Agent.",0PMBT,2026-04-24,2026-04-25,https://www.propertypro.ng/property/4-bedroom-house-for-sale-lokogoma-abuja-0PMBT,200.0,"₦200,000,000"
3 Bedroom Flat,150000000,Sale,Lokogoma,Lokogoma,Along Sunnyvale Estate Road Lokogoma Abuja,3,3,4,Flat/Apartment,"Safety Tipsdo Not Make Any Inspection Fee Without Seeing The Agent And Property.Only Pay Rental Fee, Sales Fee Or Any Upfront Payment After You Verify The Landlord.Ensure You Meet The Agent In An Open Location.The Agent Does Not Represent Propertypro And Propertypro Is Not Liable For Any Monetary Transaction Between You And The Agent.",8NJDB,2025-08-06,2026-04-24,https://www.propertypro.ng/property/3-bedroom-house-for-sale-along-sunnyvale-estate-road-lokogoma-abuja-8NJDB,150.0,"₦150,000,000"
4 Bedroom Semi Detached Flat With Maid Room,210000000,Sale,Lokogoma,Lokogoma,"Nelocap Estate, Lokogoma Abuja",4,4,5,Flat/Apartment,"Safety Tipsdo Not Make Any Inspection Fee Without Seeing The Agent And Property.Only Pay Rental Fee, Sales Fee Or Any Upfront Payment After You Verify The Landlord.Ensure You Meet The Agent In An Open Location.The Agent Does Not Represent Propertypro And Propertypro Is Not Liable For Any Monetary Transaction Between You And The Agent.",6NLUB,2025-08-31,2026-04-24,https://www.propertypro.ng/property/4-bedroom-house-for-sale-nelocap-estate-lokogoma-abuja-6NLUB,210.0,"₦210,000,000"
Standard 4 Bedroom Semi Detached Duplex With Bq,180000000,Sale,Lokogoma,Lokogoma,"Close To Sunnyvale Estate, Lokogoma Abuja",4,4,5,Semi-Detached Duplex,"Safety Tipsdo Not Make Any Inspection Fee Without Seeing The Agent And Property.Only Pay Rental Fee, Sales Fee Or Any Upfront Payment After You Verify The Landlord.Ensure You Meet The Agent In An Open Location.The Agent Does Not Represent Propertypro And Propertypro Is Not Liable For Any Monetary Transaction Between You And The Agent.",2NQQB,2025-10-06,2026-04-24,https://www.propertypro.ng/property/4-bedroom-house-for-sale-close-to-sunnyvale-estate-lokogoma-abuja-2NQQB,180.0,"₦180,000,000"
3 Bedroom Bungalow,100000000,Sale,Lokogoma,Lokogoma,"Very Close To Sunnyvale Estate, Lokogoma Abuja",3,3,4,Bungalow,"Safety Tipsdo Not Make Any Inspection Fee Without Seeing The Agent And Property.Only Pay Rental Fee, Sales Fee Or Any Upfront Payment After You Verify The Landlord.Ensure You Meet The Agent In An Open Location.The Agent Does Not Represent Propertypro And Propertypro Is Not Liable For Any Monetary Transaction Between You And The Agent.",2NTEF,2025-10-30,2026-04-24,https://www.propertypro.ng/property/3-bedroom-house-for-sale-very-close-to-sunnyvale-estate-lokogoma-abuja-2NTEF,100.0,"₦100,000,000"
Newly Built 3 Bedroom,110000000,Sale,Lokogoma,Lokogoma,Close To Sahara 4 Estate Lokogoma Abuja,3,3,4,House,"Safety Tipsdo Not Make Any Inspection Fee Without Seeing The Agent And Property.Only Pay Rental Fee, Sales Fee Or Any Upfront Payment After You Verify The Landlord.Ensure You Meet The Agent In An Open Location.The Agent Does Not Represent Propertypro And Propertypro Is Not Liable For Any Monetary Transaction Between You And The Agent.",1PKHP,2026-04-09,2026-04-24,https://www.propertypro.ng/property/3-bedroom-house-for-sale-close-to-sahara-4-estate-lokogoma-abuja-1PKHP,110.0,"₦110,000,000"
Newly Built 3 Bedroom Flat,65000000,Sale,Lokogoma,Lokogoma,Lokogoma Abuja,3,3,4,Flat/Apartment,"Safety Tipsdo Not Make Any Inspection Fee Without Seeing The Agent And Property.Only Pay Rental Fee, Sales Fee Or Any Upfront Payment After You Verify The Landlord.Ensure You Meet The Agent In An Open Location.The Agent Does Not Represent Propertypro And Propertypro Is Not Liable For Any Monetary Transaction Between You And The Agent.",0NBZB,2025-06-16,2026-04-24,https://www.propertypro.ng/property/3-bedroom-flat-apartment-for-sale-lokogoma-abuja-0NBZB,65.0,"₦65,000,000"
3 Bedroom Flat,60000000,Sale,Lokogoma,Lokogoma,Grenadine Estate Close To Ipent 3 Lokogoma Abuja,3,3,4,Flat/Apartment,"Safety Tipsdo Not Make Any Inspection Fee Without Seeing The Agent And Property.Only Pay Rental Fee, Sales Fee Or Any Upfront Payment After You Verify The Landlord.Ensure You Meet The Agent In An Open Location.The Agent Does Not Represent Propertypro And Propertypro Is Not Liable For Any Monetary Transaction Between You And The Agent.",3NCFC,2025-06-18,2026-04-24,https://www.propertypro.ng/property/3-bedroom-flat-apartment-for-sale-grenadine-estate-close-to-ipent-3-lokogoma-abuja-3NCFC,60.0,"₦60,000,000"
Newly Built 2 Bedroom Duplex,95000000,Sale,Lokogoma,Lokogoma,By Urban Shelter Lokogoma Abuja,2,2,3,Detached Duplex,"Safety Tipsdo Not Make Any Inspection Fee Without Seeing The Agent And Property.Only Pay Rental Fee, Sales Fee Or Any Upfront Payment After You Verify The Landlord.Ensure You Meet The Agent In An Open Location.The Agent Does Not Represent Propertypro And Propertypro Is Not Liable For Any Monetary Transaction Between You And The Agent.",5NZUV,2026-01-14,2026-04-24,https://www.propertypro.ng/property/2-bedroom-house-for-sale-by-urban-shelter-lokogoma-abuja-5NZUV,95.0,"₦95,000,000"
4 Bedroom Detached Duplex,235000000,Sale,Lokogoma,Lokogoma,Close To Ipent 3 Lokogoma Abuja,4,4,5,Detached Duplex,"Safety Tipsdo Not Make Any Inspection Fee Without Seeing The Agent And Property.Only Pay Rental Fee, Sales Fee Or Any Upfront Payment After You Verify The Landlord.Ensure You Meet The Agent In An Open Location.The Agent Does Not Represent Propertypro And Propertypro Is Not Liable For Any Monetary Transaction Between You And The Agent.",0NLME,2025-08-28,2026-04-24,https://www.propertypro.ng/property/4-bedroom-house-for-sale-close-to-ipent-3-lokogoma-abuja-0NLME,235.0,"₦235,000,000"
3 Bedroom Bungalow With Boys Quarters,180000000,Sale,Lokogoma,Lokogoma,"An Estate Opposite Sunnyvale Estate, Lokogoma Abuja",3,3,4,Bungalow,"Safety Tipsdo Not Make Any Inspection Fee Without Seeing The Agent And Property.Only Pay Rental Fee, Sales Fee Or Any Upfront Payment After You Verify The Landlord.Ensure You Meet The Agent In An Open Location.The Agent Does Not Represent Propertypro And Propertypro Is Not Liable For Any Monetary Transaction Between You And The Agent.",6NLUL,2025-08-31,2026-04-24,https://www.propertypro.ng/property/3-bedroom-house-for-sale-an-estate-opposite-sunnyvale-estate-lokogoma-abuja-6NLUL,180.0,"₦180,000,000"
Standard 3 Bedroom Flat With A Bq,120000000,Sale,Galadimawa,Galadimawa,"Brains And Hammers Estate, Galadimawa Abuja",3,3,4,Flat/Apartment,"Safety Tipsdo Not Make Any Inspection Fee Without Seeing The Agent And Property.Only Pay Rental Fee, Sales Fee Or Any Upfront Payment After You Verify The Landlord.Ensure You Meet The Agent In An Open Location.The Agent Does Not Represent Propertypro And Propertypro Is Not Liable For Any Monetary Transaction Between You And The Agent.",3PCDY,2026-02-05,2026-04-24,https://www.propertypro.ng/property/3-bedroom-flat-apartment-for-sale-brains-and-hammers-estate-galadimawa-abuja-3PCDY,120.0,"₦120,000,000"
Luxurious 4 Bedroom Detached Duplex With Bq/Pool,480000000,Sale,Galadimawa,Galadimawa,"Close To Sunnyvale Estate, Galadimawa Abuja",5,5,6,Detached Duplex,"Safety Tipsdo Not Make Any Inspection Fee Without Seeing The Agent And Property.Only Pay Rental Fee, Sales Fee Or Any Upfront Payment After You Verify The Landlord.Ensure You Meet The Agent In An Open Location.The Agent Does Not Represent Propertypro And Propertypro Is Not Liable For Any Monetary Transaction Between You And The Agent.",3NRPC,2025-10-15,2026-04-24,https://www.propertypro.ng/property/5-bedroom-house-for-sale-close-to-sunnyvale-estate-galadimawa-abuja-3NRPC,480.0,"₦480,000,000"
Luxurious 4Bedroom Detached Duplex +2Rooms Bq,295000000,Sale,Galadimawa,Galadimawa,Gadimawa Galadimawa Abuja,4,5,6,Detached Duplex,"Safety Tipsdo Not Make Any Inspection Fee Without Seeing The Agent And Property.Only Pay Rental Fee, Sales Fee Or Any Upfront Payment After You Verify The Landlord.Ensure You Meet The Agent In An Open Location.The Agent Does Not Represent Propertypro And Propertypro Is Not Liable For Any Monetary Transaction Between You And The Agent.",8PJSG,2026-04-02,2026-04-24,https://www.propertypro.ng/property/4-bedroom-house-for-sale-gadimawa-galadimawa-abuja-8PJSG,295.0,"₦295,000,000"
Standard 3 Bedroom Penthouse,150000000,Sale,Galadimawa,Galadimawa,"Close To Standard Estate, Galadimawa Abuja",3,3,4,House,"Safety Tipsdo Not Make Any Inspection Fee Without Seeing The Agent And Property.Only Pay Rental Fee, Sales Fee Or Any Upfront Payment After You Verify The Landlord.Ensure You Meet The Agent In An Open Location.The Agent Does Not Represent Propertypro And Propertypro Is Not Liable For Any Monetary Transaction Between You And The Agent.",6PFJA,2026-03-03,2026-04-24,https://www.propertypro.ng/property/3-bedroom-house-for-sale-close-to-standard-estate-galadimawa-abuja-6PFJA,150.0,"₦150,000,000"
5 Bedroom Flat With A Bq,370000000,Sale,Galadimawa,Galadimawa,Galadimawa Abuja,5,4,6,Flat/Apartment,"Safety Tipsdo Not Make Any Inspection Fee Without Seeing The Agent And Property.Only Pay Rental Fee, Sales Fee Or Any Upfront Payment After You Verify The Landlord.Ensure You Meet The Agent In An Open Location.The Agent Does Not Represent Propertypro And Propertypro Is Not Liable For Any Monetary Transaction Between You And The Agent.",0NBEK,2025-06-07,2026-04-24,https://www.propertypro.ng/property/5-bedroom-house-for-sale-galadimawa-abuja-0NBEK,370.0,"₦370,000,000"
Newly Built 2 Bedroom Flat,80000000,Sale,Galadimawa,Galadimawa,"Close To Brains And Hammers Estate, Galadimawa Abuja",2,2,3,Flat/Apartment,"Safety Tipsdo Not Make Any Inspection Fee Without Seeing The Agent And Property.Only Pay Rental Fee, Sales Fee Or Any Upfront Payment After You Verify The Landlord.Ensure You Meet The Agent In An Open Location.The Agent Does Not Represent Propertypro And Propertypro Is Not Liable For Any Monetary Transaction Between You And The Agent.",2PEZS,2026-02-28,2026-04-24,https://www.propertypro.ng/property/2-bedroom-flat-apartment-for-sale-close-to-brains-and-hammers-estate-galadimawa-abuja-2PEZS,80.0,"₦80,000,000"
Standard 4 Bedroom Duplex,120000000,Sale,Galadimawa,Galadimawa,Brains And Hammers Estate Galadimawa Abuja,4,4,5,Detached Duplex,"Safety Tipsdo Not Make Any Inspection Fee Without Seeing The Agent And Property.Only Pay Rental Fee, Sales Fee Or Any Upfront Payment After You Verify The Landlord.Ensure You Meet The Agent In An Open Location.The Agent Does Not Represent Propertypro And Propertypro Is Not Liable For Any Monetary Transaction Between You And The Agent.",5NJLW,2025-08-10,2026-04-24,https://www.propertypro.ng/property/4-bedroom-house-for-sale-brains-and-hammers-estate-galadimawa-abuja-5NJLW,120.0,"₦120,000,000"
Newly Built Serviced 3 Bedroom Flat,120000000,Sale,Galadimawa,Galadimawa,Tarred Road Galadimawa Abuja,3,3,4,Flat/Apartment,"Safety Tipsdo Not Make Any Inspection Fee Without Seeing The Agent And Property.Only Pay Rental Fee, Sales Fee Or Any Upfront Payment After You Verify The Landlord.Ensure You Meet The Agent In An Open Location.The Agent Does Not Represent Propertypro And Propertypro Is Not Liable For Any Monetary Transaction Between You And The Agent.",2NKFU,2025-08-18,2026-04-24,https://www.propertypro.ng/property/3-bedroom-flat-apartment-for-sale-tarred-road-galadimawa-abuja-2NKFU,120.0,"₦120,000,000"
Newly Built 5 Bedroom With Bq,260000000,Sale,Galadimawa,Galadimawa,In An Estate Galadimawa Abuja,5,5,6,House,"Safety Tipsdo Not Make Any Inspection Fee Without Seeing The Agent And Property.Only Pay Rental Fee, Sales Fee Or Any Upfront Payment After You Verify The Landlord.Ensure You Meet The Agent In An Open Location.The Agent Does Not Represent Propertypro And Propertypro Is Not Liable For Any Monetary Transaction Between You And The Agent.",9PMAV,2026-04-24,2026-04-24,https://www.propertypro.ng/property/5-bedroom-house-for-sale-in-an-estate-galadimawa-abuja-9PMAV,260.0,"₦260,000,000"
Newly Built 4 Bedroom Detached Duplex With Two Bq,170000000,Sale,Galadimawa,Galadimawa,Behind Suncity Estate Galadimawa Abuja,4,4,5,Detached Duplex,"Safety Tipsdo Not Make Any Inspection Fee Without Seeing The Agent And Property.Only Pay Rental Fee, Sales Fee Or Any Upfront Payment After You Verify The Landlord.Ensure You Meet The Agent In An Open Location.The Agent Does Not Represent Propertypro And Propertypro Is Not Liable For Any Monetary Transaction Between You And The Agent.",5NJKU,2025-08-10,2026-04-24,https://www.propertypro.ng/property/4-bedroom-house-for-sale-behind-suncity-estate-galadimawa-abuja-5NJKU,170.0,"₦170,000,000"
5 Bedroom Duplex With Bq For Sale Near Suncity Estate,250000000,Sale,Galadimawa,Galadimawa,"Behind Suncity Estate, Galadimawa Abuja",5,7,7,Detached Duplex,"Safety Tipsdo Not Make Any Inspection Fee Without Seeing The Agent And Property.Only Pay Rental Fee, Sales Fee Or Any Upfront Payment After You Verify The Landlord.Ensure You Meet The Agent In An Open Location.The Agent Does Not Represent Propertypro And Propertypro Is Not Liable For Any Monetary Transaction Between You And The Agent.",1PHPX,2026-03-23,2026-04-24,https://www.propertypro.ng/property/5-bedroom-house-for-sale-behind-suncity-estate-galadimawa-abuja-1PHPX,250.0,"₦250,000,000"
Carcass 4 Bedroom Duplex With Bq For Sale Near Suncity,180000000,Sale,Galadimawa,Galadimawa,"Behind Suncity Estate, Galadimawa Abuja",4,7,7,Detached Duplex,"Safety Tipsdo Not Make Any Inspection Fee Without Seeing The Agent And Property.Only Pay Rental Fee, Sales Fee Or Any Upfront Payment After You Verify The Landlord.Ensure You Meet The Agent In An Open Location.The Agent Does Not Represent Propertypro And Propertypro Is Not Liable For Any Monetary Transaction Between You And The Agent.",5PHPU,2026-03-23,2026-04-24,https://www.propertypro.ng/property/4-bedroom-house-for-sale-behind-suncity-estate-galadimawa-abuja-5PHPU,180.0,"₦180,000,000"
5 Bedroom Duplex With 2 Bq Rooms For Sale Near Suncity,300000000,Sale,Galadimawa,Galadimawa,"Behind Suncity Estate, Galadimawa Abuja",5,7,7,Detached Duplex,"Safety Tipsdo Not Make Any Inspection Fee Without Seeing The Agent And Property.Only Pay Rental Fee, Sales Fee Or Any Upfront Payment After You Verify The Landlord.Ensure You Meet The Agent In An Open Location.The Agent Does Not Represent Propertypro And Propertypro Is Not Liable For Any Monetary Transaction Between You And The Agent.",7PHPW,2026-03-23,2026-04-24,https://www.propertypro.ng/property/5-bedroom-house-for-sale-behind-suncity-estate-galadimawa-abuja-7PHPW,300.0,"₦300,000,000"
4 Bedroom Semi Detached Duplex,330000000,Sale,Galadimawa,Galadimawa,Opposite Suncity Galadimawa Abuja,5,5,6,Semi-Detached Duplex,"Safety Tipsdo Not Make Any Inspection Fee Without Seeing The Agent And Property.Only Pay Rental Fee, Sales Fee Or Any Upfront Payment After You Verify The Landlord.Ensure You Meet The Agent In An Open Location.The Agent Does Not Represent Propertypro And Propertypro Is Not Liable For Any Monetary Transaction Between You And The Agent.",2NMHY,2025-09-05,2026-04-24,https://www.propertypro.ng/property/5-bedroom-house-for-sale-opposite-suncity-galadimawa-abuja-2NMHY,330.0,"₦330,000,000"
3 Bedrooms Bungalow,170000000,Sale,Galadimawa,Galadimawa,Galadimawa Galadimawa Abuja,3,4,4,Bungalow,"Safety Tipsdo Not Make Any Inspection Fee Without Seeing The Agent And Property.Only Pay Rental Fee, Sales Fee Or Any Upfront Payment After You Verify The Landlord.Ensure You Meet The Agent In An Open Location.The Agent Does Not Represent Propertypro And Propertypro Is Not Liable For Any Monetary Transaction Between You And The Agent.",4PLLC,2026-04-18,2026-04-24,https://www.propertypro.ng/property/3-bedroom-house-for-sale-galadimawa-galadimawa-abuja-4PLLC,170.0,"₦170,000,000"
3 Bedroom Apartment With Bq,125000000,Sale,Galadimawa,Galadimawa,Galadimawa Abuja,3,3,4,Flat/Apartment,"Safety Tipsdo Not Make Any Inspection Fee Without Seeing The Agent And Property.Only Pay Rental Fee, Sales Fee Or Any Upfront Payment After You Verify The Landlord.Ensure You Meet The Agent In An Open Location.The Agent Does Not Represent Propertypro And Propertypro Is Not Liable For Any Monetary Transaction Between You And The Agent.",4PCWN,2026-02-11,2026-04-24,https://www.propertypro.ng/property/3-bedroom-house-for-sale-galadimawa-abuja-4PCWN,125.0,"₦125,000,000"
4 Bedroom Semi Detached Duplex With Bq,225000000,Sale,Galadimawa,Galadimawa,Galadimawa Abuja,4,4,4,Semi-Detached Duplex,"Safety Tipsdo Not Make Any Inspection Fee Without Seeing The Agent And Property.Only Pay Rental Fee, Sales Fee Or Any Upfront Payment After You Verify The Landlord.Ensure You Meet The Agent In An Open Location.The Agent Does Not Represent Propertypro And Propertypro Is Not Liable For Any Monetary Transaction Between You And The Agent.",0PCWM,2026-02-11,2026-04-24,https://www.propertypro.ng/property/4-bedroom-house-for-sale-galadimawa-abuja-0PCWM,225.0,"₦225,000,000"
4 Bedroom Terrace Duplex With Bq,185000000,Sale,Galadimawa,Galadimawa,Galadimawa Abuja,4,4,4,Terraced Duplex,"Safety Tipsdo Not Make Any Inspection Fee Without Seeing The Agent And Property.Only Pay Rental Fee, Sales Fee Or Any Upfront Payment After You Verify The Landlord.Ensure You Meet The Agent In An Open Location.The Agent Does Not Represent Propertypro And Propertypro Is Not Liable For Any Monetary Transaction Between You And The Agent.",6PCWN,2026-02-11,2026-04-24,https://www.propertypro.ng/property/4-bedroom-house-for-sale-galadimawa-abuja-6PCWN,185.0,"₦185,000,000"
5 Bedroom Detached Duplex With Bq,290000000,Sale,Galadimawa,Galadimawa,Galadimawa Abuja,5,5,4,Detached Duplex,"Safety Tipsdo Not Make Any Inspection Fee Without Seeing The Agent And Property.Only Pay Rental Fee, Sales Fee Or Any Upfront Payment After You Verify The Landlord.Ensure You Meet The Agent In An Open Location.The Agent Does Not Represent Propertypro And Propertypro Is Not Liable For Any Monetary Transaction Between You And The Agent.",6PCWM,2026-02-11,2026-04-24,https://www.propertypro.ng/property/5-bedroom-house-for-sale-galadimawa-abuja-6PCWM,290.0,"₦290,000,000"
4 Bedroom Terrace Duplex,120000000,Sale,Kubwa,Kubwa,Kubwa Abuja,4,4,3,Terraced Duplex,"Safety Tipsdo Not Make Any Inspection Fee Without Seeing The Agent And Property.Only Pay Rental Fee, Sales Fee Or Any Upfront Payment After You Verify The Landlord.Ensure You Meet The Agent In An Open Location.The Agent Does Not Represent Propertypro And Propertypro Is Not Liable For Any Monetary Transaction Between You And The Agent.",4PJAW,2026-03-27,2026-04-24,https://www.propertypro.ng/property/4-bedroom-house-for-sale-kubwa-abuja-4PJAW,120.0,"₦120,000,000"
2 Bedroom Terrace Duplex,85000000,Sale,Kubwa,Kubwa,Kubwa Abuja,2,2,3,Terraced Duplex,"Safety Tipsdo Not Make Any Inspection Fee Without Seeing The Agent And Property.Only Pay Rental Fee, Sales Fee Or Any Upfront Payment After You Verify The Landlord.Ensure You Meet The Agent In An Open Location.The Agent Does Not Represent Propertypro And Propertypro Is Not Liable For Any Monetary Transaction Between You And The Agent.",3PJAX,2026-03-27,2026-04-24,https://www.propertypro.ng/property/2-bedroom-house-for-sale-kubwa-abuja-3PJAX,85.0,"₦85,000,000"
3 Bedroom Terrace Duplex,95000000,Sale,Kubwa,Kubwa,Kubwa Abuja,3,3,3,Terraced Duplex,"Safety Tipsdo Not Make Any Inspection Fee Without Seeing The Agent And Property.Only Pay Rental Fee, Sales Fee Or Any Upfront Payment After You Verify The Landlord.Ensure You Meet The Agent In An Open Location.The Agent Does Not Represent Propertypro And Propertypro Is Not Liable For Any Monetary Transaction Between You And The Agent.",1PJAX,2026-03-27,2026-04-24,https://www.propertypro.ng/property/3-bedroom-house-for-sale-kubwa-abuja-1PJAX,95.0,"₦95,000,000"
3 Bedroom Bungalow,85000000,Sale,Kubwa,Kubwa,"Kubwa, Abuja Kubwa Abuja",3,4,4,Bungalow,"Safety Tipsdo Not Make Any Inspection Fee Without Seeing The Agent And Property.Only Pay Rental Fee, Sales Fee Or Any Upfront Payment After You Verify The Landlord.Ensure You Meet The Agent In An Open Location.The Agent Does Not Represent Propertypro And Propertypro Is Not Liable For Any Monetary Transaction Between You And The Agent.",2PHAW,2026-03-18,2026-04-24,https://www.propertypro.ng/property/3-bedroom-house-for-sale-kubwa-abuja-kubwa-abuja-2PHAW,85.0,"₦85,000,000"
Newly Built 4 Bedroom Semi Detached Duplex,120000000,Sale,Kubwa,Kubwa,"Estate , F01 Fo1 Layout Kubwa Abuja",4,5,5,Semi-Detached Duplex,"Safety Tipsdo Not Make Any Inspection Fee Without Seeing The Agent And Property.Only Pay Rental Fee, Sales Fee Or Any Upfront Payment After You Verify The Landlord.Ensure You Meet The Agent In An Open Location.The Agent Does Not Represent Propertypro And Propertypro Is Not Liable For Any Monetary Transaction Between You And The Agent.",8PHXT,2026-03-26,2026-04-24,https://www.propertypro.ng/property/4-bedroom-house-for-sale-estate-f01-fo1-layout-kubwa-abuja-8PHXT,120.0,"₦120,000,000"
Newly Built 2 Bedroom Flat,75000000,Sale,Kubwa,Kubwa,F01 Tarred Road Kubwa Abuja,2,3,3,Flat/Apartment,"Safety Tipsdo Not Make Any Inspection Fee Without Seeing The Agent And Property.Only Pay Rental Fee, Sales Fee Or Any Upfront Payment After You Verify The Landlord.Ensure You Meet The Agent In An Open Location.The Agent Does Not Represent Propertypro And Propertypro Is Not Liable For Any Monetary Transaction Between You And The Agent.",2PLEF,2026-04-16,2026-04-24,https://www.propertypro.ng/property/2-bedroom-house-for-sale-f01-tarred-road-kubwa-abuja-2PLEF,75.0,"₦75,000,000"
Newly Built 2 Bedroom Flat,40000000,Sale,Kubwa,Kubwa,Estate Kubwa Fo1 Layout Kubwa Abuja,2,3,3,Flat/Apartment,"Safety Tipsdo Not Make Any Inspection Fee Without Seeing The Agent And Property.Only Pay Rental Fee, Sales Fee Or Any Upfront Payment After You Verify The Landlord.Ensure You Meet The Agent In An Open Location.The Agent Does Not Represent Propertypro And Propertypro Is Not Liable For Any Monetary Transaction Between You And The Agent.",7PJDE,2026-03-28,2026-04-24,https://www.propertypro.ng/property/2-bedroom-flat-apartment-for-sale-estate-kubwa-fo1-layout-kubwa-abuja-7PJDE,40.0,"₦40,000,000"
Blocks Of Flats,180000000,Sale,Kubwa,Kubwa,Kubwa Abuja,6,10,10,Flat/Apartment,"Safety Tipsdo Not Make Any Inspection Fee Without Seeing The Agent And Property.Only Pay Rental Fee, Sales Fee Or Any Upfront Payment After You Verify The Landlord.Ensure You Meet The Agent In An Open Location.The Agent Does Not Represent Propertypro And Propertypro Is Not Liable For Any Monetary Transaction Between You And The Agent.",7PGWU,2026-03-17,2026-04-24,https://www.propertypro.ng/property/6-bedroom-house-for-sale-kubwa-abuja-7PGWU,180.0,"₦180,000,000"
4 Bedroom Flat,130000000,Sale,Kubwa,Kubwa,Around Game Village Kubwa Abuja,4,4,5,Flat/Apartment,"Safety Tipsdo Not Make Any Inspection Fee Without Seeing The Agent And Property.Only Pay Rental Fee, Sales Fee Or Any Upfront Payment After You Verify The Landlord.Ensure You Meet The Agent In An Open Location.The Agent Does Not Represent Propertypro And Propertypro Is Not Liable For Any Monetary Transaction Between You And The Agent.",7NDGX,2025-06-25,2026-04-24,https://www.propertypro.ng/property/4-bedroom-house-for-sale-around-game-village-kubwa-abuja-7NDGX,130.0,"₦130,000,000"
3 Bedrooms Bungalow,40000000,Sale,Kubwa,Kubwa,Kagini Opposite Arab Road Kubwa Abuja,3,4,4,Bungalow,"Safety Tipsdo Not Make Any Inspection Fee Without Seeing The Agent And Property.Only Pay Rental Fee, Sales Fee Or Any Upfront Payment After You Verify The Landlord.Ensure You Meet The Agent In An Open Location.The Agent Does Not Represent Propertypro And Propertypro Is Not Liable For Any Monetary Transaction Between You And The Agent.",3PLLW,2026-04-19,2026-04-24,https://www.propertypro.ng/property/3-bedroom-house-for-sale-kagini-opposite-arab-road-kubwa-abuja-3PLLW,40.0,"₦40,000,000"
2 Bedroom Flat,45000000,Sale,Kubwa,Kubwa,Kubwa F01 Kubwa Abuja,2,3,3,Flat/Apartment,"Safety Tipsdo Not Make Any Inspection Fee Without Seeing The Agent And Property.Only Pay Rental Fee, Sales Fee Or Any Upfront Payment After You Verify The Landlord.Ensure You Meet The Agent In An Open Location.The Agent Does Not Represent Propertypro And Propertypro Is Not Liable For Any Monetary Transaction Between You And The Agent.",9NYCD,2025-12-22,2026-04-24,https://www.propertypro.ng/property/2-bedroom-house-for-sale-kubwa-f01-kubwa-abuja-9NYCD,45.0,"₦45,000,000"
Newly Built And Spacious 3 Bedroom Apartment,125000000,Sale,Dawaki,Dawaki,News Engineering Dawaki Dawaki Abuja,3,3,4,Flat/Apartment,"Safety Tipsdo Not Make Any Inspection Fee Without Seeing The Agent And Property.Only Pay Rental Fee, Sales Fee Or Any Upfront Payment After You Verify The Landlord.Ensure You Meet The Agent In An Open Location.The Agent Does Not Represent Propertypro And Propertypro Is Not Liable For Any Monetary Transaction Between You And The Agent.",4NVJM,2025-11-22,2026-04-24,https://www.propertypro.ng/property/3-bedroom-house-for-sale-news-engineering-dawaki-dawaki-abuja-4NVJM,125.0,"₦125,000,000"
2 Bedroom Apartment,100000000,Sale,Dawaki,Dawaki,New Engineering Dawaki Dawaki Abuja,2,2,3,Flat/Apartment,"Safety Tipsdo Not Make Any Inspection Fee Without Seeing The Agent And Property.Only Pay Rental Fee, Sales Fee Or Any Upfront Payment After You Verify The Landlord.Ensure You Meet The Agent In An Open Location.The Agent Does Not Represent Propertypro And Propertypro Is Not Liable For Any Monetary Transaction Between You And The Agent.",7NVJQ,2025-11-22,2026-04-24,https://www.propertypro.ng/property/2-bedroom-house-for-sale-new-engineering-dawaki-dawaki-abuja-7NVJQ,100.0,"₦100,000,000"
Spacious 2 Bedroom Flat,63000000,Sale,Dawaki,Dawaki,"Dawaki Opposite Gwarinpa, Dawaki Abuja",2,3,3,Flat/Apartment,"Safety Tipsdo Not Make Any Inspection Fee Without Seeing The Agent And Property.Only Pay Rental Fee, Sales Fee Or Any Upfront Payment After You Verify The Landlord.Ensure You Meet The Agent In An Open Location.The Agent Does Not Represent Propertypro And Propertypro Is Not Liable For Any Monetary Transaction Between You And The Agent.",5PHZP,2026-03-26,2026-04-24,https://www.propertypro.ng/property/2-bedroom-house-for-sale-dawaki-opposite-gwarinpa-dawaki-abuja-5PHZP,63.0,"₦63,000,000"
5 Bedrooms Duplex Duplex,140000000,Sale,Dawaki,Dawaki,Dawaki Dawaki Abuja,5,6,6,Detached Duplex,"Safety Tipsdo Not Make Any Inspection Fee Without Seeing The Agent And Property.Only Pay Rental Fee, Sales Fee Or Any Upfront Payment After You Verify The Landlord.Ensure You Meet The Agent In An Open Location.The Agent Does Not Represent Propertypro And Propertypro Is Not Liable For Any Monetary Transaction Between You And The Agent.",2PJSK,2026-04-02,2026-04-24,https://www.propertypro.ng/property/5-bedroom-house-for-sale-dawaki-dawaki-abuja-2PJSK,140.0,"₦140,000,000"
3 Bedroom Apartment,65000000,Sale,Dawaki,Dawaki,Dawaki Abuja,3,3,3,Flat/Apartment,"Safety Tipsdo Not Make Any Inspection Fee Without Seeing The Agent And Property.Only Pay Rental Fee, Sales Fee Or Any Upfront Payment After You Verify The Landlord.Ensure You Meet The Agent In An Open Location.The Agent Does Not Represent Propertypro And Propertypro Is Not Liable For Any Monetary Transaction Between You And The Agent.",1PEGS,2026-02-23,2026-04-24,https://www.propertypro.ng/property/3-bedroom-flat-apartment-for-sale-dawaki-abuja-1PEGS,65.0,"₦65,000,000"
5 Bedroom Terrace Duplex,250000000,Sale,Dawaki,Dawaki,Dawaki Dawaki Abuja,5,5,3,Terraced Duplex,"Safety Tipsdo Not Make Any Inspection Fee Without Seeing The Agent And Property.Only Pay Rental Fee, Sales Fee Or Any Upfront Payment After You Verify The Landlord.Ensure You Meet The Agent In An Open Location.The Agent Does Not Represent Propertypro And Propertypro Is Not Liable For Any Monetary Transaction Between You And The Agent.",0PFDB,2026-03-02,2026-04-24,https://www.propertypro.ng/property/5-bedroom-house-for-sale-dawaki-dawaki-abuja-0PFDB,250.0,"₦250,000,000"
4 Bedroom Terrace Duplex With Bq,300000000,Sale,Dawaki,Dawaki,Dawaki Abuja,4,4,3,Terraced Duplex,"Safety Tipsdo Not Make Any Inspection Fee Without Seeing The Agent And Property.Only Pay Rental Fee, Sales Fee Or Any Upfront Payment After You Verify The Landlord.Ensure You Meet The Agent In An Open Location.The Agent Does Not Represent Propertypro And Propertypro Is Not Liable For Any Monetary Transaction Between You And The Agent.",5PEFV,2026-02-23,2026-04-24,https://www.propertypro.ng/property/4-bedroom-house-for-sale-dawaki-abuja-5PEFV,300.0,"₦300,000,000"
5 Bedroom Fully Detached Duplex Carcass For Sale,140000000,Sale,Dawaki,Dawaki,Dawaki Abuja,5,5,5,Detached Duplex,"Safety Tipsdo Not Make Any Inspection Fee Without Seeing The Agent And Property.Only Pay Rental Fee, Sales Fee Or Any Upfront Payment After You Verify The Landlord.Ensure You Meet The Agent In An Open Location.The Agent Does Not Represent Propertypro And Propertypro Is Not Liable For Any Monetary Transaction Between You And The Agent.",1PJVE,2026-04-03,2026-04-24,https://www.propertypro.ng/property/5-bedroom-house-for-sale-dawaki-abuja-1PJVE,140.0,"₦140,000,000"
Twin 3 Bedroom Semi Detached Duplex,150000000,Sale,Dawaki,Dawaki,"Trans Engineering 1 Estate, Dawaki Abuja",3,3,4,Semi-Detached Duplex,"Safety Tipsdo Not Make Any Inspection Fee Without Seeing The Agent And Property.Only Pay Rental Fee, Sales Fee Or Any Upfront Payment After You Verify The Landlord.Ensure You Meet The Agent In An Open Location.The Agent Does Not Represent Propertypro And Propertypro Is Not Liable For Any Monetary Transaction Between You And The Agent.",5NNFA,2025-09-14,2026-04-24,https://www.propertypro.ng/property/3-bedroom-house-for-sale-trans-engineering-1-estate-dawaki-abuja-5NNFA,150.0,"₦150,000,000"
4 Bedroom Flat,250000000,Sale,Dawaki,Dawaki,Dawaki New Engineering Tarred Road Dawaki Abuja,4,5,3,Flat/Apartment,"Safety Tipsdo Not Make Any Inspection Fee Without Seeing The Agent And Property.Only Pay Rental Fee, Sales Fee Or Any Upfront Payment After You Verify The Landlord.Ensure You Meet The Agent In An Open Location.The Agent Does Not Represent Propertypro And Propertypro Is Not Liable For Any Monetary Transaction Between You And The Agent.",3NXZY,2025-12-21,2026-04-24,https://www.propertypro.ng/property/4-bedroom-house-for-sale-dawaki-new-engineering-tarred-road-dawaki-abuja-3NXZY,250.0,"₦250,000,000"
Newly Built 4 Bedroom Terrace Duplex With Bq,250000000,Sale,Dawaki,Dawaki,Dawaki Abuja,4,4,5,Terraced Duplex,"Safety Tipsdo Not Make Any Inspection Fee Without Seeing The Agent And Property.Only Pay Rental Fee, Sales Fee Or Any Upfront Payment After You Verify The Landlord.Ensure You Meet The Agent In An Open Location.The Agent Does Not Represent Propertypro And Propertypro Is Not Liable For Any Monetary Transaction Between You And The Agent.",5NYRG,2026-01-02,2026-04-24,https://www.propertypro.ng/property/4-bedroom-house-for-sale-dawaki-abuja-5NYRG,250.0,"₦250,000,000"
2 Bedroom Apartment,65000000,Sale,Dawaki,Dawaki,Dawaki Abuja,2,2,3,Flat/Apartment,"Safety Tipsdo Not Make Any Inspection Fee Without Seeing The Agent And Property.Only Pay Rental Fee, Sales Fee Or Any Upfront Payment After You Verify The Landlord.Ensure You Meet The Agent In An Open Location.The Agent Does Not Represent Propertypro And Propertypro Is Not Liable For Any Monetary Transaction Between You And The Agent.",0PAZW,2026-01-24,2026-04-24,https://www.propertypro.ng/property/2-bedroom-flat-apartment-for-sale-dawaki-abuja-0PAZW,65.0,"₦65,000,000"
Decent 2 Bedroom Flat,68000000,Sale,Dawaki,Dawaki,"Dawaki By Modern Market, Dawaki Abuja",2,2,3,Flat/Apartment,"Safety Tipsdo Not Make Any Inspection Fee Without Seeing The Agent And Property.Only Pay Rental Fee, Sales Fee Or Any Upfront Payment After You Verify The Landlord.Ensure You Meet The Agent In An Open Location.The Agent Does Not Represent Propertypro And Propertypro Is Not Liable For Any Monetary Transaction Between You And The Agent.",7PEDE,2026-02-22,2026-04-24,https://www.propertypro.ng/property/2-bedroom-flat-apartment-for-sale-dawaki-by-modern-market-dawaki-abuja-7PEDE,68.0,"₦68,000,000"
2 Bedroom Flat,68000000,Sale,Dawaki,Dawaki,"By Modern Market, Dawaki Abuja",2,2,3,Flat/Apartment,"Safety Tipsdo Not Make Any Inspection Fee Without Seeing The Agent And Property.Only Pay Rental Fee, Sales Fee Or Any Upfront Payment After You Verify The Landlord.Ensure You Meet The Agent In An Open Location.The Agent Does Not Represent Propertypro And Propertypro Is Not Liable For Any Monetary Transaction Between You And The Agent.",2PEBW,2026-02-21,2026-04-24,https://www.propertypro.ng/property/2-bedroom-flat-apartment-for-sale-by-modern-market-dawaki-abuja-2PEBW,68.0,"₦68,000,000"
3 Bedroom Bungalow,69000000,Sale,Dawaki,Dawaki,"Dawaki By Modern Market, Dawaki, Abuja Dawaki Abuja",3,3,4,Bungalow,"Safety Tipsdo Not Make Any Inspection Fee Without Seeing The Agent And Property.Only Pay Rental Fee, Sales Fee Or Any Upfront Payment After You Verify The Landlord.Ensure You Meet The Agent In An Open Location.The Agent Does Not Represent Propertypro And Propertypro Is Not Liable For Any Monetary Transaction Between You And The Agent.",8PFTX,2026-03-06,2026-04-24,https://www.propertypro.ng/property/3-bedroom-house-for-sale-dawaki-by-modern-market-dawaki-abuja-dawaki-abuja-8PFTX,69.0,"₦69,000,000"
A Massive 4 Bedroom Duplex With An Attached Bq,250000000,Sale,Dawaki,Dawaki,New Engineering Dawaki Abuja,4,4,5,Detached Duplex,"Safety Tipsdo Not Make Any Inspection Fee Without Seeing The Agent And Property.Only Pay Rental Fee, Sales Fee Or Any Upfront Payment After You Verify The Landlord.Ensure You Meet The Agent In An Open Location.The Agent Does Not Represent Propertypro And Propertypro Is Not Liable For Any Monetary Transaction Between You And The Agent.",8PKNQ,2026-04-10,2026-04-24,https://www.propertypro.ng/property/4-bedroom-house-for-sale-new-engineering-dawaki-abuja-8PKNQ,250.0,"₦250,000,000"
Standard 4 Bedroom With A Bq,330000000,Sale,Guzape,Guzape,Guzape Abuja,4,4,5,House,"Safety Tipsdo Not Make Any Inspection Fee Without Seeing The Agent And Property.Only Pay Rental Fee, Sales Fee Or Any Upfront Payment After You Verify The Landlord.Ensure You Meet The Agent In An Open Location.The Agent Does Not Represent Propertypro And Propertypro Is Not Liable For Any Monetary Transaction Between You And The Agent.",6PLJE,2026-04-17,2026-04-24,https://www.propertypro.ng/property/4-bedroom-house-for-sale-guzape-abuja-6PLJE,330.0,"₦330,000,000"
5 Bedroom Detached Duplex With Bq,440000000,Sale,Guzape,Guzape,Close To Nnpc Guzape Abuja,5,5,6,Detached Duplex,"Safety Tipsdo Not Make Any Inspection Fee Without Seeing The Agent And Property.Only Pay Rental Fee, Sales Fee Or Any Upfront Payment After You Verify The Landlord.Ensure You Meet The Agent In An Open Location.The Agent Does Not Represent Propertypro And Propertypro Is Not Liable For Any Monetary Transaction Between You And The Agent.",1PDXZ,2026-02-20,2026-04-24,https://www.propertypro.ng/property/5-bedroom-house-for-sale-close-to-nnpc-guzape-abuja-1PDXZ,440.0,"₦440,000,000"
4 Bedroom Duplex With 2 Bq,800000000,Sale,Guzape,Guzape,"Close To Nnpc, Guzape Abuja",4,4,5,Detached Duplex,"Safety Tipsdo Not Make Any Inspection Fee Without Seeing The Agent And Property.Only Pay Rental Fee, Sales Fee Or Any Upfront Payment After You Verify The Landlord.Ensure You Meet The Agent In An Open Location.The Agent Does Not Represent Propertypro And Propertypro Is Not Liable For Any Monetary Transaction Between You And The Agent.",3PBEZ,2026-01-27,2026-04-24,https://www.propertypro.ng/property/4-bedroom-house-for-sale-close-to-nnpc-guzape-abuja-3PBEZ,800.0,"₦800,000,000"
4 Bedroom Terrace Duplex With Bq,370000000,Sale,Guzape,Guzape,Close To Fairview School Guzape Abuja,4,4,5,Terraced Duplex,"Safety Tipsdo Not Make Any Inspection Fee Without Seeing The Agent And Property.Only Pay Rental Fee, Sales Fee Or Any Upfront Payment After You Verify The Landlord.Ensure You Meet The Agent In An Open Location.The Agent Does Not Represent Propertypro And Propertypro Is Not Liable For Any Monetary Transaction Between You And The Agent.",3NYLQ,2025-12-29,2026-04-24,https://www.propertypro.ng/property/4-bedroom-house-for-sale-close-to-fairview-school-guzape-abuja-3NYLQ,370.0,"₦370,000,000"
5 Bedroom Detached Duplex With 1 Bedroom Guest Chalet,650000000,Sale,Guzape,Guzape,Guzape Abuja Diplomatic Zone Guzape Abuja,5,6,6,Detached Duplex,"Safety Tipsdo Not Make Any Inspection Fee Without Seeing The Agent And Property.Only Pay Rental Fee, Sales Fee Or Any Upfront Payment After You Verify The Landlord.Ensure You Meet The Agent In An Open Location.The Agent Does Not Represent Propertypro And Propertypro Is Not Liable For Any Monetary Transaction Between You And The Agent.",5PLRB,2026-04-20,2026-04-24,https://www.propertypro.ng/property/5-bedroom-house-for-sale-guzape-abuja-diplomatic-zone-guzape-abuja-5PLRB,650.0,"₦650,000,000"
Luxury 5 Bedroom Fully Detached Duplex +Bq,750000000,Sale,Guzape,Guzape,Behind Coza Guzape Abuja,5,5,6,Detached Duplex,"Safety Tipsdo Not Make Any Inspection Fee Without Seeing The Agent And Property.Only Pay Rental Fee, Sales Fee Or Any Upfront Payment After You Verify The Landlord.Ensure You Meet The Agent In An Open Location.The Agent Does Not Represent Propertypro And Propertypro Is Not Liable For Any Monetary Transaction Between You And The Agent.",5PFKP,2026-03-04,2026-04-24,https://www.propertypro.ng/property/5-bedroom-house-for-sale-behind-coza-guzape-abuja-5PFKP,750.0,"₦750,000,000"
3 Bedroom Flat,300000000,Sale,Guzape,Guzape,Guzape Abuja,3,3,4,Flat/Apartment,"Safety Tipsdo Not Make Any Inspection Fee Without Seeing The Agent And Property.Only Pay Rental Fee, Sales Fee Or Any Upfront Payment After You Verify The Landlord.Ensure You Meet The Agent In An Open Location.The Agent Does Not Represent Propertypro And Propertypro Is Not Liable For Any Monetary Transaction Between You And The Agent.",0NMAU,2025-09-02,2026-04-24,https://www.propertypro.ng/property/3-bedroom-flat-apartment-for-sale-guzape-abuja-0NMAU,300.0,"₦300,000,000"
Newly Built 4 Bedroom,900000000,Sale,Guzape,Guzape,Guzape Abuja,4,4,5,House,"Safety Tipsdo Not Make Any Inspection Fee Without Seeing The Agent And Property.Only Pay Rental Fee, Sales Fee Or Any Upfront Payment After You Verify The Landlord.Ensure You Meet The Agent In An Open Location.The Agent Does Not Represent Propertypro And Propertypro Is Not Liable For Any Monetary Transaction Between You And The Agent.",1MVFK,2025-04-25,2026-04-24,https://www.propertypro.ng/property/4-bedroom-house-for-sale-guzape-abuja-1MVFK,900.0,"₦900,000,000"
4 Bedroom Flat,750000000,Sale,Guzape,Guzape,Guzape Abuja,4,4,5,Flat/Apartment,"Safety Tipsdo Not Make Any Inspection Fee Without Seeing The Agent And Property.Only Pay Rental Fee, Sales Fee Or Any Upfront Payment After You Verify The Landlord.Ensure You Meet The Agent In An Open Location.The Agent Does Not Represent Propertypro And Propertypro Is Not Liable For Any Monetary Transaction Between You And The Agent.",4MWZU,2025-05-08,2026-04-24,https://www.propertypro.ng/property/4-bedroom-house-for-sale-guzape-abuja-4MWZU,750.0,"₦750,000,000"
Newly Built 5 Bedroom Detached Duplex With Penthouse,700000000,Sale,Guzape,Guzape,Guzape Abuja,5,5,6,Detached Duplex,"Safety Tipsdo Not Make Any Inspection Fee Without Seeing The Agent And Property.Only Pay Rental Fee, Sales Fee Or Any Upfront Payment After You Verify The Landlord.Ensure You Meet The Agent In An Open Location.The Agent Does Not Represent Propertypro And Propertypro Is Not Liable For Any Monetary Transaction Between You And The Agent.",6NSMM,2025-10-23,2026-04-24,https://www.propertypro.ng/property/5-bedroom-house-for-sale-guzape-abuja-6NSMM,700.0,"₦700,000,000"
Bedroom Duplex,600000000,Sale,Guzape,Guzape,Guzape Abuja,5,5,5,Detached Duplex,"Safety Tipsdo Not Make Any Inspection Fee Without Seeing The Agent And Property.Only Pay Rental Fee, Sales Fee Or Any Upfront Payment After You Verify The Landlord.Ensure You Meet The Agent In An Open Location.The Agent Does Not Represent Propertypro And Propertypro Is Not Liable For Any Monetary Transaction Between You And The Agent.",0NPZG,2025-09-30,2026-04-24,https://www.propertypro.ng/property/5-bedroom-flat-apartment-for-sale-guzape-abuja-0NPZG,600.0,"₦600,000,000"
5 Bedroom Detached Duplex,680000000,Sale,Utako,Utako,Utako Abuja,5,5,4,Detached Duplex,"Safety Tipsdo Not Make Any Inspection Fee Without Seeing The Agent And Property.Only Pay Rental Fee, Sales Fee Or Any Upfront Payment After You Verify The Landlord.Ensure You Meet The Agent In An Open Location.The Agent Does Not Represent Propertypro And Propertypro Is Not Liable For Any Monetary Transaction Between You And The Agent.",7PGVE,2026-03-16,2026-04-24,https://www.propertypro.ng/property/5-bedroom-house-for-sale-utako-abuja-7PGVE,680.0,"₦680,000,000"
5 Bedroom Detached Duplex With Bq,780000000,Sale,Utako,Utako,Utako Abuja,5,5,4,Detached Duplex,"Safety Tipsdo Not Make Any Inspection Fee Without Seeing The Agent And Property.Only Pay Rental Fee, Sales Fee Or Any Upfront Payment After You Verify The Landlord.Ensure You Meet The Agent In An Open Location.The Agent Does Not Represent Propertypro And Propertypro Is Not Liable For Any Monetary Transaction Between You And The Agent.",3PBCY,2026-01-26,2026-04-24,https://www.propertypro.ng/property/5-bedroom-house-for-sale-utako-abuja-3PBCY,780.0,"₦780,000,000"
Newly Built And Beautiful 4Bedroom Terrace With Bq,750000000,Sale,Utako,Utako,Utako Utako Abuja,4,4,5,House,"Safety Tipsdo Not Make Any Inspection Fee Without Seeing The Agent And Property.Only Pay Rental Fee, Sales Fee Or Any Upfront Payment After You Verify The Landlord.Ensure You Meet The Agent In An Open Location.The Agent Does Not Represent Propertypro And Propertypro Is Not Liable For Any Monetary Transaction Between You And The Agent.",2PMGM,2026-04-26,,https://www.propertypro.ng/property/4-bedroom-house-for-sale-utako-utako-abuja-2PMGM,750.0,"₦750,000,000"
4 Bedroom Detached Duplex,550000000,Sale,Utako,Utako,Utako Abuja,4,4,4,Detached Duplex,"Safety Tipsdo Not Make Any Inspection Fee Without Seeing The Agent And Property.Only Pay Rental Fee, Sales Fee Or Any Upfront Payment After You Verify The Landlord.Ensure You Meet The Agent In An Open Location.The Agent Does Not Represent Propertypro And Propertypro Is Not Liable For Any Monetary Transaction Between You And The Agent.",1MYWB,2025-05-21,2026-04-24,https://www.propertypro.ng/property/4-bedroom-house-for-sale-utako-abuja-1MYWB,550.0,"₦550,000,000"
Newly Built 6 Bedroom Fully Detached Duplex,600000000,Sale,Utako,Utako,Utako Abuja,6,6,7,Detached Duplex,"Safety Tipsdo Not Make Any Inspection Fee Without Seeing The Agent And Property.Only Pay Rental Fee, Sales Fee Or Any Upfront Payment After You Verify The Landlord.Ensure You Meet The Agent In An Open Location.The Agent Does Not Represent Propertypro And Propertypro Is Not Liable For Any Monetary Transaction Between You And The Agent.",7PLPK,2026-04-20,2026-04-24,https://www.propertypro.ng/property/6-bedroom-house-for-sale-utako-abuja-7PLPK,600.0,"₦600,000,000"
Fu5 Bedroom Detached Duplex,500000000,Sale,Utako,Utako,Utako Abuja,5,5,6,Detached Duplex,"Safety Tipsdo Not Make Any Inspection Fee Without Seeing The Agent And Property.Only Pay Rental Fee, Sales Fee Or Any Upfront Payment After You Verify The Landlord.Ensure You Meet The Agent In An Open Location.The Agent Does Not Represent Propertypro And Propertypro Is Not Liable For Any Monetary Transaction Between You And The Agent.",1NYCY,2025-12-22,2026-04-24,https://www.propertypro.ng/property/5-bedroom-house-for-sale-utako-abuja-1NYCY,500.0,"₦500,000,000"
10 Bedroom Bungalow,250000000,Sale,Wuse-2,Wuse,Wuse 2 Abuja Wuse 2 Abuja,10,10,10,Bungalow,"Safety Tipsdo Not Make Any Inspection Fee Without Seeing The Agent And Property.Only Pay Rental Fee, Sales Fee Or Any Upfront Payment After You Verify The Landlord.Ensure You Meet The Agent In An Open Location.The Agent Does Not Represent Propertypro And Propertypro Is Not Liable For Any Monetary Transaction Between You And The Agent.",8PHDC,2026-03-18,2026-04-24,https://www.propertypro.ng/property/10-bedroom-house-for-rent-wuse-2-abuja-wuse-2-abuja-8PHDC,250.0,"₦250,000,000"
